temperature,humidity,gas_ppm,vibration,condition
2.1,70.5,194.64,1.1,normal
5.57,66.74,234.38,0.04,normal
4.02,65.53,189.77,0.97,normal
2.88,76.79,311.89,0.01,normal
4.79,71.81,181.1,1.44,normal
2.37,66.93,319.5,0.91,normal
4.92,75.72,344.62,0.57,normal
5.32,77.37,322.34,0.87,normal
2.18,69.56,207.88,0.12,normal
2.4,70.56,277.14,0.55,normal
2.84,70.34,337.33,0.97,normal
2.68,79.58,182.68,0.57,normal
4.75,69.39,214.86,6.84,abnormal
5.29,81.1,230.23,0.1,normal
5.51,71.29,958.81,0.59,abnormal
2.57,37.79,299.0,0.81,abnormal
3.71,76.67,222.4,1.5,normal
3.97,80.12,322.22,0.23,normal
4.72,76.93,226.95,0.89,normal
3.01,76.06,338.49,1.02,normal
5.54,80.02,303.72,0.51,normal
2.63,65.06,294.42,1.08,normal
-0.48,67.13,275.06,1.26,abnormal
2.8,72.48,182.31,1.43,normal
12.19,74.77,172.37,0.54,abnormal
2.96,92.41,263.47,0.12,abnormal
5.26,84.56,256.54,0.19,normal
5.79,68.3,255.53,0.91,normal
5.02,78.8,999.06,0.6,abnormal
3.49,82.99,240.3,0.37,normal
2.08,76.08,267.69,0.01,normal
2.24,66.35,156.28,0.5,normal
3.11,74.71,257.85,1.09,normal
3.89,80.69,1065.25,0.29,abnormal
3.72,73.47,243.4,1.09,normal
5.94,66.97,230.52,0.51,normal
-1.43,75.73,178.04,0.28,abnormal
5.5,66.51,311.6,1.28,normal
4.61,75.81,152.95,0.14,normal
2.95,73.13,246.27,1.3,normal
-0.86,84.71,203.04,1.18,abnormal
3.69,84.15,349.08,0.83,normal
2.62,70.93,343.74,0.87,normal
4.99,66.14,266.84,0.75,normal
-1.83,75.16,320.27,0.1,abnormal
5.45,73.08,338.32,0.85,normal
2.16,66.64,281.47,0.85,normal
3.04,78.39,212.84,0.4,normal
4.58,74.14,335.8,1.4,normal
4.48,76.26,170.0,0.81,normal
2.53,71.98,163.76,0.37,normal
3.75,75.86,210.5,1.48,normal
4.12,78.36,260.92,1.4,normal
5.51,70.29,327.94,1.11,normal
3.13,69.21,218.58,1.03,normal
3.95,83.11,1092.27,0.14,abnormal
3.11,65.07,304.22,0.96,normal
4.96,76.03,235.54,0.01,normal
5.53,83.08,259.12,1.25,normal
2.59,67.55,211.65,1.35,normal
5.44,82.98,192.02,0.37,normal
5.12,82.68,231.28,0.93,normal
5.72,82.29,345.24,1.22,normal
9.26,83.49,306.48,0.62,abnormal
4.94,69.96,181.84,1.05,normal
2.15,74.41,189.91,1.38,normal
5.28,82.43,194.58,0.99,normal
3.11,66.39,304.67,0.53,normal
4.72,81.87,216.23,0.04,normal
2.71,99.63,203.09,0.16,abnormal
4.91,71.27,271.24,0.77,normal
4.31,70.09,291.76,0.0,normal
4.75,83.81,1015.93,0.3,abnormal
5.8,83.42,274.63,1.0,normal
5.6,75.14,283.38,0.49,normal
4.22,68.84,282.99,0.57,normal
2.7,76.38,231.22,1.25,normal
2.84,80.72,271.33,0.48,normal
4.7,75.22,308.75,1.44,normal
4.64,70.68,282.77,0.93,normal
5.81,69.7,212.08,1.21,normal
2.18,84.68,272.25,1.15,normal
5.54,76.51,293.67,0.58,normal
2.59,78.75,328.53,1.29,normal
2.88,51.08,289.18,0.7,abnormal
5.67,67.43,176.67,0.7,normal
4.24,71.35,301.05,0.66,normal
5.57,73.53,331.37,0.67,normal
5.45,74.0,300.36,1.26,normal
5.11,74.69,197.85,0.66,normal
2.94,71.72,328.61,0.12,normal
3.53,68.06,192.79,0.62,normal
3.86,66.25,316.58,0.58,normal
5.78,65.39,326.13,0.86,normal
5.77,70.97,228.0,1.34,normal
4.99,75.92,922.28,0.33,abnormal
3.74,65.58,217.23,1.02,normal
2.66,74.35,175.53,0.93,normal
3.58,76.29,155.42,0.96,normal
3.85,66.01,225.82,0.32,normal
5.04,72.58,300.4,1.25,normal
2.33,65.39,257.88,1.5,normal
4.6,80.62,280.35,1.13,normal
0.52,77.43,197.71,0.71,abnormal
5.79,74.3,201.25,0.55,normal
5.85,79.37,305.56,0.25,normal
4.31,83.58,265.16,1.36,normal
5.77,68.97,268.42,1.25,normal
4.79,71.03,286.85,1.21,normal
4.26,65.82,256.55,0.99,normal
4.59,65.25,234.01,0.74,normal
3.45,82.83,241.95,0.23,normal
4.09,78.01,273.18,1.38,normal
3.86,81.51,268.49,0.48,normal
5.74,70.58,240.16,1.13,normal
4.67,71.73,248.86,0.49,normal
3.42,70.17,205.93,0.89,normal
2.04,83.96,559.93,1.08,abnormal
5.03,78.81,279.18,0.74,normal
2.37,69.43,288.36,0.46,normal
3.89,75.62,235.1,1.12,normal
4.81,70.42,200.28,0.18,normal
2.48,75.72,302.44,0.28,normal
3.94,79.49,345.32,0.79,normal
2.4,68.88,195.5,0.27,normal
4.14,70.49,344.86,0.83,normal
2.51,82.37,248.18,1.31,normal
3.88,73.81,186.87,0.08,normal
2.46,36.31,248.35,0.87,abnormal
2.61,81.22,339.83,0.13,normal
4.23,73.32,269.23,0.93,normal
3.52,83.17,209.47,0.88,normal
4.27,66.2,342.02,0.15,normal
4.5,70.29,166.24,0.36,normal
2.63,73.17,287.87,0.7,normal
3.15,70.65,321.92,0.11,normal
3.06,80.82,267.96,1.21,normal
2.46,69.5,179.8,0.4,normal
2.24,80.85,269.01,1.24,normal
2.5,48.77,289.95,1.41,abnormal
3.98,66.61,157.97,0.65,normal
3.0,66.83,342.38,1.25,normal
5.8,84.99,284.46,0.4,normal
5.03,74.41,280.3,1.37,normal
4.34,77.7,248.35,0.14,normal
3.33,78.4,321.55,0.49,normal
3.15,83.9,312.71,0.83,normal
3.26,71.47,344.04,0.61,normal
5.95,78.15,258.52,0.62,normal
3.45,80.13,275.08,1.14,normal
4.2,83.55,237.62,1.05,normal
5.89,77.18,197.86,0.24,normal
4.21,66.86,348.45,1.37,normal
2.47,81.64,249.68,1.07,normal
3.09,81.69,346.05,0.37,normal
3.53,83.44,251.65,1.32,normal
5.09,98.54,217.98,1.18,abnormal
2.01,79.52,317.5,0.87,normal
5.46,73.93,246.87,0.5,normal
3.51,83.66,323.92,1.47,normal
3.53,82.12,232.16,0.48,normal
5.65,72.62,347.68,1.19,normal
2.61,84.3,175.25,1.45,normal
2.4,81.9,169.94,1.37,normal
2.58,82.42,343.99,0.11,normal
3.06,77.47,229.5,0.12,normal
4.7,75.67,340.83,0.94,normal
5.49,35.72,163.68,0.95,abnormal
0.24,73.68,169.69,0.95,abnormal
2.67,40.99,155.79,0.49,abnormal
3.43,73.61,198.84,0.62,normal
2.72,68.5,271.9,0.57,normal
3.99,76.66,196.44,0.96,normal
4.67,82.98,243.05,0.43,normal
2.3,83.9,347.53,0.45,normal
3.0,81.91,189.84,4.92,abnormal
2.95,76.44,264.96,1.49,normal
5.91,78.16,204.9,0.85,normal
4.98,65.98,271.28,0.75,normal
5.1,92.3,310.39,0.33,abnormal
3.0,80.11,303.49,1.02,normal
2.39,77.55,157.88,1.18,normal
3.46,67.63,331.93,0.49,normal
2.8,80.73,325.29,0.55,normal
3.09,68.29,332.81,1.42,normal
4.99,93.39,173.03,1.44,abnormal
5.87,82.2,294.84,1.47,normal
3.46,80.81,509.74,0.8,abnormal
4.69,78.45,266.91,1.23,normal
12.72,74.43,273.91,1.41,abnormal
4.44,77.95,277.08,0.7,normal
4.6,67.33,159.07,0.06,normal
8.68,82.75,177.13,0.68,abnormal
4.97,83.92,233.83,1.11,normal
3.66,66.98,247.87,0.61,normal
12.83,69.35,238.94,0.35,abnormal
5.92,72.35,330.34,0.97,normal
3.1,84.36,339.8,1.24,normal
2.85,77.79,344.22,0.08,normal
5.96,80.74,191.04,1.24,normal
4.35,81.26,196.6,1.16,normal
4.38,70.55,346.81,1.48,normal
5.19,67.2,323.29,0.2,normal
5.15,76.78,153.16,0.4,normal
3.68,67.27,162.71,0.67,normal
4.37,74.04,194.31,0.92,normal
5.64,78.18,210.33,0.97,normal
5.99,81.95,235.25,0.16,normal
3.77,82.99,214.42,0.22,normal
4.5,76.71,292.43,0.57,normal
3.18,75.11,236.04,1.19,normal
4.62,82.55,260.27,1.3,normal
5.55,73.28,315.48,0.6,normal
3.25,71.25,200.98,1.43,normal
3.9,66.82,167.07,0.65,normal
3.49,67.6,162.0,1.43,normal
4.68,73.22,324.72,1.41,normal
5.66,66.03,207.53,0.47,normal
4.03,68.09,246.44,1.27,normal
4.23,67.3,205.71,0.34,normal
4.24,80.35,274.34,1.01,normal
4.44,78.16,288.69,0.04,normal
5.05,83.43,220.2,0.27,normal
4.63,66.39,298.19,1.46,normal
4.12,72.52,240.73,0.24,normal
3.3,83.83,269.24,1.33,normal
5.02,66.0,166.32,0.66,normal
4.43,73.28,193.11,0.77,normal
2.44,78.56,268.63,0.79,normal
2.88,84.69,160.96,0.31,normal
0.29,70.79,174.0,0.75,abnormal
2.52,75.65,196.02,0.84,normal
3.42,72.94,298.41,0.65,normal
2.31,71.26,235.86,0.61,normal
3.16,73.1,343.24,0.26,normal
5.33,53.4,167.63,1.27,abnormal
4.36,75.48,229.15,0.47,normal
3.33,68.36,252.1,0.17,normal
5.62,71.99,295.48,1.23,normal
2.95,67.93,189.45,0.9,normal
4.62,68.54,304.57,0.74,normal
5.04,73.98,334.83,0.85,normal
4.5,82.28,275.44,0.23,normal
3.77,71.06,204.93,0.08,normal
3.24,74.04,161.38,1.25,normal
5.46,82.11,273.0,0.76,normal
4.22,80.84,329.18,0.67,normal
4.61,71.43,245.13,0.23,normal
2.41,82.98,218.69,1.07,normal
2.69,69.95,237.55,0.66,normal
2.63,72.46,206.58,0.61,normal
4.39,80.78,279.46,0.1,normal
4.71,70.68,294.75,0.98,normal
-1.0,76.65,178.29,0.52,abnormal
4.65,67.58,291.77,3.42,abnormal
4.57,71.57,175.56,1.05,normal
5.65,66.87,284.09,5.54,abnormal
3.24,84.02,218.35,1.15,normal
6.0,68.1,209.16,1.18,normal
4.16,79.77,255.31,0.99,normal
2.52,72.53,613.57,1.25,abnormal
5.24,68.31,237.53,0.62,normal
2.95,73.88,206.99,1.12,normal
4.14,71.19,311.72,0.7,normal
4.71,95.7,238.12,1.15,abnormal
4.01,73.37,182.41,0.3,normal
5.49,66.04,246.12,0.56,normal
5.38,82.02,207.01,6.82,abnormal
5.62,67.95,237.49,1.42,normal
3.8,71.99,155.33,0.08,normal
2.94,84.89,224.98,0.04,normal
4.6,80.83,177.52,4.43,abnormal
5.32,80.18,243.82,6.08,abnormal
9.79,81.7,259.76,1.09,abnormal
2.44,70.76,210.23,0.07,normal
5.18,74.14,172.17,1.36,normal
2.07,75.31,198.39,0.22,normal
4.46,69.81,233.31,1.0,normal
5.9,66.35,255.21,0.76,normal
2.08,82.47,530.47,0.58,abnormal
4.99,72.14,163.51,0.36,normal
2.41,76.64,301.34,0.2,normal
3.35,77.86,316.08,1.03,normal
4.53,51.23,162.62,1.16,abnormal
3.17,65.88,189.89,0.06,normal
3.59,81.31,831.38,0.05,abnormal
3.14,82.24,159.56,0.98,normal
5.2,73.74,230.0,0.66,normal
5.89,94.96,249.5,1.39,abnormal
5.2,79.54,165.79,0.9,normal
3.18,67.05,729.54,0.44,abnormal
4.87,68.33,238.78,0.67,normal
5.65,77.3,236.99,0.96,normal
2.23,78.42,231.24,0.77,normal
2.64,65.62,319.73,1.02,normal
2.5,69.72,279.03,0.54,normal
12.24,78.58,339.76,0.56,abnormal
4.3,75.59,229.61,0.97,normal
2.45,79.71,249.81,0.58,normal
3.05,70.21,239.25,1.49,normal
5.67,74.82,174.53,1.28,normal
5.59,73.9,167.56,1.02,normal
4.67,97.1,260.0,0.44,abnormal
2.63,79.19,290.04,0.26,normal
2.9,84.7,308.41,0.36,normal
3.44,76.45,243.48,1.47,normal
5.54,66.31,229.63,1.08,normal
3.64,73.19,264.98,0.19,normal
2.3,74.32,253.47,0.19,normal
4.56,68.64,1176.39,0.65,abnormal
13.82,75.36,210.82,0.24,abnormal
-0.96,83.82,328.99,1.27,abnormal
4.54,76.02,175.03,0.45,normal
4.01,68.37,338.32,0.23,normal
4.88,77.1,318.51,0.85,normal
8.57,83.97,304.2,0.4,abnormal
4.29,77.36,156.06,1.33,normal
4.57,71.04,198.98,1.21,normal
3.81,78.77,181.62,0.62,normal
3.36,67.87,322.3,0.48,normal
5.9,91.31,224.11,0.84,abnormal
3.87,70.35,199.58,0.15,normal
3.54,77.31,199.65,1.3,normal
3.31,76.55,212.54,1.14,normal
4.06,74.98,211.71,0.03,normal
3.83,69.81,908.34,0.07,abnormal
4.39,81.86,284.5,0.43,normal
2.43,67.68,202.89,0.55,normal
2.18,66.02,262.36,0.54,normal
3.55,74.01,259.97,1.24,normal
4.44,67.57,169.34,0.56,normal
5.76,80.1,639.34,0.76,abnormal
2.18,67.74,216.61,0.71,normal
4.43,75.31,215.59,0.92,normal
5.96,79.79,209.85,0.5,normal
3.96,76.26,832.42,0.02,abnormal
2.44,73.33,211.54,1.35,normal
2.11,74.49,343.41,6.91,abnormal
4.31,79.43,266.7,0.26,normal
4.48,81.82,179.56,1.02,normal
5.79,67.2,153.79,0.47,normal
4.76,73.21,304.99,1.38,normal
4.91,79.12,253.74,5.8,abnormal
4.1,41.28,184.64,1.37,abnormal
3.42,80.44,294.18,0.96,normal
4.44,68.85,199.3,0.84,normal
5.89,70.95,207.8,0.31,normal
3.27,71.98,336.74,1.19,normal
2.49,78.53,225.94,1.47,normal
5.82,81.09,208.09,0.43,normal
3.39,73.85,201.29,0.72,normal
4.15,83.66,289.23,0.21,normal
4.35,69.85,283.97,0.8,normal
2.21,73.27,293.47,0.15,normal
2.02,76.01,335.82,0.61,normal
3.91,38.99,342.78,0.48,abnormal
5.63,66.79,264.83,0.8,normal
5.75,83.26,185.01,1.32,normal
5.68,84.94,229.4,0.74,normal
5.51,90.09,263.59,0.16,abnormal
3.82,96.41,254.86,1.33,abnormal
4.02,70.46,311.76,0.5,normal
4.59,79.37,152.82,0.51,normal
4.7,68.86,272.19,0.96,normal
3.71,71.56,230.17,0.14,normal
3.29,39.96,202.16,0.35,abnormal
5.82,71.04,294.58,0.02,normal
4.77,66.24,173.64,0.46,normal
4.01,82.9,290.71,0.47,normal
5.66,70.9,272.93,0.33,normal
2.61,79.95,271.15,0.62,normal
3.88,75.75,282.82,0.33,normal
5.02,82.46,166.37,0.67,normal
2.31,76.28,162.35,0.82,normal
4.29,68.0,215.62,0.78,normal
2.82,76.66,168.19,0.77,normal
3.81,75.26,241.36,0.09,normal
5.23,79.47,229.19,1.22,normal
4.31,65.91,218.91,0.1,normal
14.9,74.44,207.42,0.27,abnormal
4.57,79.59,342.76,0.56,normal
5.48,53.14,225.13,1.02,abnormal
4.16,78.07,219.55,0.27,normal
4.12,79.56,194.54,0.01,normal
3.19,78.47,258.89,0.8,normal
-0.62,68.1,187.7,1.31,abnormal
2.13,78.2,272.98,1.4,normal
-1.38,67.02,156.72,0.9,abnormal
2.19,79.81,230.45,0.35,normal
5.45,66.13,250.78,0.43,normal
4.93,71.38,269.58,1.01,normal
3.21,67.87,282.04,0.33,normal
2.24,83.97,325.94,1.37,normal
3.71,74.91,344.46,1.41,normal
5.14,71.37,233.26,0.22,normal
5.02,74.47,319.87,0.45,normal
5.22,83.29,262.48,1.45,normal
2.54,69.86,190.67,0.97,normal
2.37,97.25,188.1,0.4,abnormal
4.41,82.47,187.63,1.14,normal
4.24,74.59,323.89,0.5,normal
9.48,68.8,298.3,1.12,abnormal
5.66,78.91,290.75,0.59,normal
3.29,70.66,243.25,0.97,normal
3.44,82.66,243.2,1.2,normal
5.05,71.4,190.63,0.47,normal
5.46,79.83,153.24,0.83,normal
4.88,70.9,189.24,0.35,normal
2.98,76.01,338.69,0.51,normal
3.95,79.47,297.92,0.69,normal
3.41,67.8,259.31,0.28,normal
5.83,75.48,317.81,3.37,abnormal
2.19,65.13,177.5,0.95,normal
2.6,69.37,241.2,0.09,normal
5.74,83.26,281.86,0.02,normal
3.65,65.33,294.44,0.8,normal
4.01,78.96,236.11,1.41,normal
5.67,75.49,198.19,0.93,normal
3.42,80.9,165.8,1.44,normal
2.97,78.94,209.99,1.24,normal
5.97,78.0,156.34,0.61,normal
3.9,77.73,290.57,0.12,normal
5.14,76.32,321.59,3.48,abnormal
2.17,69.23,323.62,1.33,normal
2.19,66.49,335.12,1.35,normal
2.13,83.58,212.9,1.44,normal
5.01,79.25,229.66,0.12,normal
2.96,81.69,227.83,1.34,normal
5.02,67.8,347.7,1.09,normal
5.9,66.07,237.42,1.26,normal
5.08,84.1,229.34,1.16,normal
3.09,84.85,248.12,0.53,normal
2.74,46.72,226.01,1.16,abnormal
2.99,66.47,203.59,0.57,normal
2.62,72.79,222.14,0.14,normal
3.44,40.4,176.5,0.28,abnormal
4.22,73.16,155.25,0.53,normal
4.39,71.49,227.05,0.44,normal
2.34,83.02,331.04,1.47,normal
2.68,72.61,177.77,0.45,normal
2.25,73.69,234.22,0.73,normal
3.01,69.93,275.01,0.89,normal
2.43,71.09,339.76,0.5,normal
5.22,71.59,216.95,1.22,normal
2.54,71.41,1163.1,0.3,abnormal
5.86,84.37,208.29,1.04,normal
4.3,69.85,225.21,1.22,normal
2.46,76.28,268.45,0.82,normal
4.2,84.06,242.32,1.06,normal
3.17,78.86,313.79,1.19,normal
4.0,77.67,198.4,0.99,normal
5.16,66.48,348.14,0.72,normal
4.03,83.41,288.34,0.82,normal
3.44,82.91,257.38,0.96,normal
5.08,78.15,221.0,0.97,normal
5.93,78.55,229.92,1.13,normal
2.42,36.97,194.4,1.12,abnormal
4.75,69.42,224.82,0.69,normal
4.76,68.01,349.54,0.72,normal
5.68,66.72,316.26,1.1,normal
3.37,80.69,254.22,0.52,normal
4.89,74.05,163.43,0.07,normal
2.09,71.86,171.87,1.2,normal
2.98,68.49,182.03,5.8,abnormal
0.39,77.6,187.28,0.99,abnormal
4.95,82.66,239.92,0.64,normal
2.86,70.57,290.75,1.19,normal
5.2,75.74,223.16,0.3,normal
4.68,74.79,343.18,0.47,normal
3.57,67.28,220.4,0.69,normal
4.69,81.01,333.74,0.89,normal
3.25,69.77,173.39,0.56,normal
3.55,76.93,264.96,0.63,normal
4.15,83.38,336.14,0.26,normal
3.16,68.74,318.4,0.93,normal
11.39,68.9,226.79,0.84,abnormal
3.64,74.83,292.03,0.67,normal
4.26,80.92,194.11,0.05,normal
3.15,80.61,263.13,1.16,normal
4.04,76.45,203.58,0.81,normal
5.29,65.83,1003.29,0.82,abnormal
13.15,78.07,199.51,1.31,abnormal
3.05,82.24,167.4,1.3,normal
5.25,69.2,297.52,1.03,normal
4.53,68.32,597.46,0.31,abnormal
2.24,72.02,206.22,0.81,normal
4.82,70.79,203.47,1.29,normal
5.26,67.71,300.02,5.06,abnormal
3.11,78.12,290.29,0.2,normal
3.29,69.95,318.71,0.59,normal
4.53,77.56,225.03,0.11,normal
5.08,73.06,299.96,1.04,normal
5.8,41.55,150.49,1.16,abnormal
4.92,74.17,282.83,0.54,normal
4.14,69.36,235.93,0.32,normal
5.31,71.76,265.59,0.85,normal
3.37,78.65,159.68,0.15,normal
3.84,67.48,321.53,0.66,normal
5.83,69.05,287.72,0.2,normal
2.64,83.65,204.8,0.98,normal
3.49,83.08,183.11,0.59,normal
4.8,69.68,281.1,1.06,normal
3.91,67.65,195.24,1.02,normal
4.78,81.34,347.63,0.63,normal
2.28,72.66,296.15,0.15,normal
5.52,67.74,304.69,1.13,normal
5.97,67.86,256.1,0.01,normal
3.76,79.45,275.62,0.23,normal
4.75,82.2,167.34,0.15,normal
4.36,72.68,342.65,0.47,normal
3.11,66.68,260.68,0.9,normal
5.12,78.81,319.58,0.99,normal
4.07,75.19,299.57,0.44,normal
5.59,84.09,248.98,0.17,normal
4.38,75.57,345.54,1.48,normal
-0.84,81.78,234.17,0.82,abnormal
3.88,84.75,164.6,0.88,normal
2.86,83.45,339.74,0.6,normal
4.85,80.34,234.72,0.6,normal
4.15,68.05,166.72,0.12,normal
-0.39,72.81,276.86,1.25,abnormal
2.26,78.97,295.99,1.27,normal
2.34,73.69,240.67,0.91,normal
4.97,79.81,173.89,1.06,normal
2.66,84.06,254.6,1.17,normal
2.67,67.54,306.22,0.4,normal
10.35,73.59,254.77,0.39,abnormal
2.31,74.1,222.02,5.5,abnormal
3.47,70.1,170.58,0.86,normal
2.91,75.18,158.81,1.29,normal
3.89,72.66,180.02,1.4,normal
5.21,79.28,958.99,0.34,abnormal
5.66,71.4,315.2,0.86,normal
4.69,66.05,194.64,0.77,normal
3.6,82.54,323.21,1.16,normal
2.35,74.13,223.78,0.44,normal
4.96,69.85,223.65,1.46,normal
0.2,75.93,309.19,0.23,abnormal
9.63,71.93,317.91,1.32,abnormal
13.31,72.53,297.62,0.46,abnormal
5.93,73.4,342.24,1.46,normal
3.12,65.88,196.29,1.27,normal
5.58,74.17,299.58,0.87,normal
4.55,72.89,268.38,0.09,normal
2.52,70.83,320.18,1.39,normal
5.33,71.53,240.55,0.35,normal
0.34,76.69,181.08,0.25,abnormal
3.63,75.72,342.93,0.31,normal
3.06,67.4,181.52,1.03,normal
4.41,69.3,321.31,3.74,abnormal
5.87,72.92,159.79,0.45,normal
-1.91,73.09,240.44,1.12,abnormal
3.85,81.08,177.96,0.02,normal
-1.61,81.47,224.45,0.95,abnormal
4.33,70.18,312.55,0.03,normal
5.61,73.87,175.76,1.36,normal
2.49,99.42,160.13,1.39,abnormal
4.9,74.92,226.55,0.64,normal
5.63,70.5,239.2,0.22,normal
4.47,77.95,249.78,1.32,normal
2.35,72.66,233.85,0.96,normal
3.0,84.88,258.73,0.03,normal
4.85,74.59,306.29,0.52,normal
3.29,70.41,155.21,0.9,normal
5.24,70.62,311.73,0.71,normal
4.34,69.66,181.92,0.37,normal
4.13,80.82,297.41,1.15,normal
5.39,80.95,748.36,1.26,abnormal
-1.29,71.36,297.62,0.54,abnormal
4.81,72.03,263.53,0.21,normal
4.17,38.51,157.59,0.08,abnormal
2.08,74.56,216.35,0.92,normal
3.36,68.55,310.48,1.3,normal
2.59,79.09,178.33,0.17,normal
3.46,66.45,290.91,0.99,normal
3.35,71.45,345.17,1.1,normal
4.56,74.74,213.46,1.06,normal
5.56,77.27,221.37,1.0,normal
3.51,79.68,208.9,0.27,normal
4.81,76.46,320.15,1.16,normal
2.73,71.36,311.76,0.92,normal
2.42,74.92,216.23,0.12,normal
3.28,77.72,342.62,1.23,normal
4.92,71.71,152.28,0.31,normal
3.4,80.74,294.08,0.07,normal
3.68,68.33,232.8,1.32,normal
3.5,81.58,307.75,0.87,normal
2.9,74.03,309.84,0.05,normal
3.04,67.09,218.36,1.33,normal
2.3,83.84,345.61,0.51,normal
4.82,43.63,280.73,0.91,abnormal
2.21,71.62,344.88,0.61,normal
5.7,75.8,282.12,0.45,normal
3.57,75.99,248.19,0.08,normal
2.35,81.48,275.02,0.72,normal
2.83,77.76,345.41,0.71,normal
5.14,74.42,328.98,0.4,normal
3.55,72.42,226.29,0.28,normal
3.76,70.27,317.42,0.85,normal
4.79,66.93,283.63,1.21,normal
5.03,69.55,162.2,0.58,normal
5.86,78.74,337.27,0.86,normal
3.2,72.9,320.79,0.05,normal
4.07,76.43,346.55,0.22,normal
2.69,54.69,344.43,1.21,abnormal
3.69,84.77,237.08,1.5,normal
5.34,70.16,332.16,1.37,normal
3.55,72.95,215.23,0.41,normal
5.49,80.73,274.61,0.78,normal
3.66,67.96,267.59,1.14,normal
11.94,67.02,207.22,0.8,abnormal
3.64,72.66,247.12,0.91,normal
3.1,67.88,271.73,1.04,normal
5.56,71.63,197.52,1.12,normal
2.08,98.17,210.61,0.42,abnormal
4.78,66.96,323.78,0.2,normal
5.1,41.42,295.76,0.91,abnormal
3.77,83.27,231.43,0.73,normal
3.5,66.12,308.3,0.1,normal
3.61,80.61,254.86,0.85,normal
5.5,69.01,161.53,0.05,normal
3.44,68.98,223.67,0.7,normal
5.69,78.62,198.39,0.73,normal
5.84,74.49,260.27,0.52,normal
5.0,96.89,207.01,0.58,abnormal
4.29,84.3,321.42,0.97,normal
3.08,73.19,154.01,1.17,normal
2.04,83.23,279.47,0.9,normal
3.01,81.1,211.09,1.45,normal
3.7,72.53,219.74,0.38,normal
4.71,81.49,229.43,0.15,normal
4.65,81.87,224.85,0.97,normal
3.19,67.16,162.77,1.48,normal
5.45,70.22,292.22,1.34,normal
2.6,80.31,329.94,1.21,normal
4.4,78.21,286.15,1.08,normal
5.99,70.19,233.71,0.58,normal
4.83,76.44,187.98,1.09,normal
4.14,80.7,331.31,1.01,normal
5.38,81.81,325.3,0.27,normal
2.51,70.17,311.67,1.14,normal
4.72,71.71,167.86,0.53,normal
3.23,80.76,216.26,0.39,normal
5.4,74.41,323.28,0.88,normal
11.31,68.89,173.96,1.02,abnormal
3.65,82.42,180.16,1.49,normal
5.95,82.86,347.33,0.21,normal
0.34,74.75,276.21,0.27,abnormal
2.02,70.47,302.24,0.25,normal
3.96,80.27,167.61,0.92,normal
3.61,84.31,226.66,0.06,normal
3.49,65.28,214.44,1.25,normal
4.71,77.53,199.76,1.04,normal
2.52,72.67,267.73,0.25,normal
5.79,94.56,254.06,0.79,abnormal
4.75,67.68,349.23,0.74,normal
2.66,83.14,312.4,0.03,normal
5.94,69.22,154.38,0.76,normal
4.84,80.84,225.04,0.96,normal
4.49,76.88,159.59,0.16,normal
12.83,73.34,226.05,0.82,abnormal
2.61,78.9,276.06,0.45,normal
4.65,70.4,271.13,0.21,normal
11.58,77.35,206.54,1.18,abnormal
4.44,80.56,316.3,1.46,normal
3.64,68.21,259.63,1.37,normal
3.92,69.69,152.55,0.13,normal
4.3,74.88,339.89,1.17,normal
4.89,83.1,278.87,0.69,normal
3.86,91.0,184.94,0.06,abnormal
5.21,71.25,297.71,0.14,normal
2.18,82.04,282.67,0.26,normal
3.75,77.44,325.7,0.14,normal
2.73,73.02,342.46,0.41,normal
5.4,81.0,279.77,1.2,normal
4.78,66.17,338.49,0.24,normal
4.36,81.05,285.68,0.27,normal
3.43,65.58,286.89,1.26,normal
-0.55,74.76,327.52,0.66,abnormal
4.62,65.25,323.67,0.79,normal
4.9,69.48,341.15,1.31,normal
4.75,77.36,236.57,1.09,normal
4.65,77.83,179.73,1.24,normal
2.22,77.87,609.85,1.27,abnormal
-1.78,74.83,198.18,1.46,abnormal
2.89,77.87,230.66,0.35,normal
5.21,73.96,321.32,0.67,normal
3.99,78.07,170.53,0.62,normal
2.0,66.82,270.84,0.93,normal
4.03,69.14,284.29,1.43,normal
2.22,69.46,240.89,0.84,normal
3.89,78.14,293.18,0.17,normal
2.89,71.83,315.98,1.45,normal
4.09,79.04,159.16,0.25,normal
4.87,79.43,171.39,0.92,normal
5.72,72.86,241.41,1.17,normal
2.43,73.29,335.33,1.26,normal
5.09,74.01,281.69,1.43,normal
4.0,75.61,159.71,1.4,normal
5.7,50.62,332.04,1.04,abnormal
5.26,67.07,281.5,0.91,normal
5.53,73.37,271.8,1.04,normal
3.59,71.86,208.83,1.21,normal
4.41,82.73,252.46,1.26,normal
3.26,79.74,260.72,0.33,normal
4.86,78.73,334.24,0.2,normal
5.9,68.56,258.5,0.96,normal
5.04,76.25,266.56,1.41,normal
4.7,82.88,256.78,1.32,normal
2.05,67.13,226.17,0.08,normal
3.07,80.71,346.71,1.03,normal
2.25,80.69,190.8,0.81,normal
3.81,77.32,285.11,0.84,normal
4.59,72.78,252.18,1.2,normal
4.77,65.94,226.32,0.62,normal
4.74,84.32,160.76,1.12,normal
5.48,82.21,238.61,0.34,normal
4.84,72.35,267.68,1.11,normal
4.9,68.87,239.76,1.48,normal
5.85,79.7,173.87,0.06,normal
3.06,68.22,319.2,0.01,normal
5.75,65.8,335.73,0.9,normal
4.5,81.86,210.23,1.18,normal
2.29,79.15,255.08,1.44,normal
5.15,68.19,258.62,0.61,normal
5.53,78.27,216.21,0.44,normal
4.12,84.93,1076.58,1.47,abnormal
4.68,73.91,330.9,0.92,normal
5.84,78.65,214.19,1.37,normal
3.03,49.48,154.94,0.78,abnormal
4.06,75.17,247.36,0.44,normal
3.28,66.65,169.19,1.46,normal
4.13,77.54,192.16,0.94,normal
4.74,81.71,191.12,1.24,normal
5.1,77.93,337.95,6.73,abnormal
3.84,71.63,167.5,0.08,normal
4.23,76.5,195.53,0.39,normal
4.52,73.66,153.38,1.01,normal
4.57,77.37,301.19,0.88,normal
2.29,83.56,171.23,1.18,normal
2.35,80.31,237.54,0.59,normal
3.9,75.67,177.28,0.59,normal
4.18,84.2,178.82,1.02,normal
4.59,84.15,152.23,7.37,abnormal
2.17,76.45,228.82,0.82,normal
2.84,79.83,295.19,0.32,normal
2.57,68.68,931.82,0.38,abnormal
4.68,76.35,160.88,1.13,normal
3.85,75.99,703.46,0.1,abnormal
4.9,74.74,216.17,0.19,normal
2.4,77.39,330.02,0.48,normal
4.47,71.11,266.83,0.85,normal
3.27,73.57,150.97,0.37,normal
4.96,73.72,318.02,0.2,normal
5.51,74.26,221.75,0.46,normal
2.7,77.13,318.36,1.29,normal
4.15,70.26,327.27,0.11,normal
2.07,75.14,156.24,0.87,normal
4.36,83.13,260.32,0.82,normal
4.62,37.97,228.5,1.34,abnormal
5.43,67.68,250.22,0.14,normal
2.04,69.78,342.8,1.47,normal
5.03,67.81,181.84,0.85,normal
5.49,67.92,296.4,1.41,normal
5.05,69.63,202.87,0.35,normal
4.07,80.83,227.62,1.38,normal
14.86,71.48,290.75,0.78,abnormal
3.05,75.89,184.77,6.27,abnormal
4.61,81.71,253.33,0.56,normal
3.62,81.34,741.52,1.19,abnormal
11.51,67.78,183.12,0.12,abnormal
2.85,68.74,222.44,1.08,normal
2.92,81.22,294.05,0.72,normal
2.84,68.22,316.67,0.03,normal
4.29,68.22,275.91,0.06,normal
2.22,70.17,186.01,1.44,normal
4.25,65.37,293.91,0.99,normal
2.34,73.98,348.56,1.3,normal
5.32,77.02,308.92,1.23,normal
4.64,70.29,294.84,0.51,normal
4.36,69.6,227.09,0.16,normal
5.44,75.09,233.96,0.22,normal
3.9,77.29,157.81,1.18,normal
2.47,74.64,176.07,0.91,normal
4.6,75.44,224.08,3.22,abnormal
2.92,81.05,307.91,0.57,normal
4.97,80.23,289.34,0.15,normal
3.91,69.65,321.81,0.42,normal
3.03,35.11,298.73,0.01,abnormal
4.08,72.5,191.08,1.21,normal
2.43,73.52,267.07,0.39,normal
4.26,77.24,348.36,0.6,normal
4.21,76.15,185.74,0.84,normal
5.95,76.55,304.84,0.6,normal
5.46,67.38,195.95,1.17,normal
9.5,73.01,217.69,0.83,abnormal
4.83,68.21,342.91,0.01,normal
2.58,83.52,237.08,0.1,normal
2.32,65.76,226.87,1.48,normal
4.08,79.23,269.49,1.42,normal
3.98,65.21,320.11,7.65,abnormal
2.78,80.68,252.11,1.05,normal
4.7,72.19,281.0,1.46,normal
3.1,72.99,283.93,0.61,normal
2.06,79.07,333.84,0.82,normal
4.24,76.66,219.5,1.22,normal
5.85,74.1,230.79,0.01,normal
4.02,76.17,250.63,0.51,normal
4.05,70.15,257.58,1.19,normal
3.77,72.54,246.73,0.36,normal
5.1,78.63,329.3,1.29,normal
3.03,72.65,307.73,0.33,normal
5.2,73.25,220.62,0.8,normal
3.05,70.75,229.79,1.12,normal
4.22,68.57,212.77,0.33,normal
2.73,79.92,336.05,0.29,normal
2.94,69.84,203.08,0.34,normal
3.42,80.58,583.91,0.12,abnormal
4.46,50.28,258.29,0.06,abnormal
4.48,74.85,347.07,1.35,normal
2.73,50.29,252.23,0.6,abnormal
2.51,75.51,234.64,1.41,normal
3.39,82.21,305.18,0.69,normal
4.07,71.31,151.68,1.01,normal
2.4,72.23,322.37,0.28,normal
3.08,84.17,218.62,0.28,normal
3.68,80.04,223.02,0.6,normal
4.29,84.59,287.2,1.22,normal
5.22,76.11,321.26,0.29,normal
4.95,74.46,151.95,0.63,normal
5.57,77.61,256.8,0.47,normal
3.0,82.17,159.54,0.15,normal
2.86,70.09,317.79,0.14,normal
3.04,72.21,261.5,1.22,normal
3.65,72.02,285.92,0.91,normal
4.6,75.77,345.87,0.43,normal
4.04,80.49,239.39,0.12,normal
3.86,84.13,323.65,0.96,normal
4.53,46.43,319.78,0.11,abnormal
2.91,71.34,208.27,0.4,normal
3.08,73.9,322.56,0.54,normal
5.86,73.28,186.78,0.03,normal
4.65,83.81,290.14,0.12,normal
2.41,66.28,325.74,0.82,normal
3.59,80.3,166.65,0.39,normal
4.62,82.71,211.87,0.37,normal
4.51,67.63,317.7,0.04,normal
5.44,71.5,245.23,1.46,normal
3.09,73.9,343.91,1.05,normal
4.39,77.62,277.17,0.85,normal
4.56,71.19,219.43,0.81,normal
3.77,72.32,201.96,0.46,normal
5.26,81.96,218.78,0.7,normal
5.69,83.94,245.41,0.01,normal
3.17,69.62,151.44,0.56,normal
4.24,72.9,182.65,1.11,normal
3.51,70.26,234.45,0.36,normal
5.64,81.15,286.93,0.43,normal
5.24,73.26,320.7,0.27,normal
4.55,77.35,204.43,0.93,normal
2.08,65.99,256.99,0.28,normal
3.08,79.3,295.42,0.35,normal
3.97,71.84,212.32,1.2,normal
4.79,35.63,166.04,1.13,abnormal
3.07,72.85,258.64,0.27,normal
5.27,98.28,174.39,1.15,abnormal
5.08,73.86,297.52,0.05,normal
5.08,75.42,346.42,0.71,normal
3.25,71.46,275.83,0.06,normal
2.49,74.62,709.17,0.54,abnormal
4.67,84.47,197.19,0.65,normal
5.18,76.69,229.16,0.36,normal
5.13,74.51,917.35,0.56,abnormal
2.63,66.83,273.73,1.4,normal
2.24,72.11,180.78,5.68,abnormal
3.95,71.33,261.67,0.97,normal
5.57,79.66,154.27,0.57,normal
3.0,65.79,291.33,0.84,normal
3.96,76.33,258.72,0.49,normal
5.47,76.97,322.11,0.24,normal
3.8,81.39,258.32,0.68,normal
4.02,79.67,326.59,0.93,normal
4.48,71.41,162.67,1.45,normal
2.76,78.66,303.15,0.23,normal
3.64,71.44,169.25,0.99,normal
5.75,68.57,156.25,0.16,normal
2.13,77.84,227.72,0.73,normal
4.36,65.98,194.14,1.08,normal
5.68,78.11,335.68,1.25,normal
4.56,72.22,298.7,1.34,normal
2.23,77.34,255.8,6.67,abnormal
14.61,84.21,169.42,1.09,abnormal
2.76,75.52,199.75,0.94,normal
5.0,73.3,171.1,0.96,normal
3.83,78.3,326.56,0.25,normal
3.61,71.75,181.64,1.5,normal
3.41,71.3,348.29,0.49,normal
5.06,73.61,295.17,0.91,normal
2.86,80.31,335.23,0.38,normal
5.84,35.0,156.93,0.43,abnormal
2.54,82.81,151.31,1.48,normal
3.26,80.43,338.67,1.23,normal
4.23,83.52,608.3,0.06,abnormal
2.55,72.34,266.43,0.35,normal
2.37,73.0,333.58,1.1,normal
5.17,68.46,315.14,1.03,normal
5.63,76.9,210.08,1.1,normal
2.31,66.12,304.18,0.52,normal
3.67,82.36,323.96,0.34,normal
4.41,65.23,305.48,0.57,normal
2.16,75.8,179.92,0.75,normal
2.2,79.63,228.58,0.67,normal
4.02,69.44,207.96,0.59,normal
2.33,76.43,159.86,0.6,normal
4.01,80.48,176.08,0.2,normal
3.95,78.04,189.22,0.92,normal
2.98,66.43,305.35,0.49,normal
8.79,73.27,223.05,0.29,abnormal
4.62,80.39,183.85,0.52,normal
4.49,43.81,334.84,0.35,abnormal
2.62,79.57,167.16,1.11,normal
4.48,67.95,316.49,0.43,normal
5.22,71.1,244.24,0.5,normal
2.85,75.93,300.07,0.82,normal
5.97,78.9,283.65,0.56,normal
2.17,68.41,698.81,1.18,abnormal
2.21,78.1,151.67,0.58,normal
5.41,78.2,322.86,0.03,normal
3.55,84.6,251.71,6.55,abnormal
5.47,45.63,187.28,0.75,abnormal
5.71,65.43,199.48,0.79,normal
3.57,68.14,219.36,0.53,normal
2.94,84.56,250.25,1.22,normal
5.51,82.81,312.97,0.04,normal
3.12,68.03,329.44,0.99,normal
3.53,84.21,272.49,0.94,normal
2.96,68.05,344.11,1.36,normal
4.17,69.14,177.72,0.81,normal
5.45,71.18,291.03,0.79,normal
5.98,84.52,179.03,1.4,normal
2.27,95.33,293.89,0.28,abnormal
0.18,80.31,326.03,0.62,abnormal
3.77,83.68,328.83,1.4,normal
5.12,67.14,186.95,1.14,normal
3.07,76.34,196.18,0.35,normal
3.44,78.76,245.32,0.75,normal
4.85,72.48,320.43,0.74,normal
2.77,65.64,302.91,0.02,normal
3.65,79.85,347.65,1.14,normal
5.71,84.71,323.43,0.73,normal
3.83,69.94,230.97,0.06,normal
3.52,71.26,272.3,1.11,normal
4.1,82.52,307.38,0.78,normal
5.31,65.85,349.17,0.78,normal
4.94,76.15,253.23,0.95,normal
3.16,72.96,210.91,1.24,normal
3.69,77.26,160.91,0.78,normal
5.32,74.03,294.53,0.17,normal
5.75,78.92,177.06,0.62,normal
2.72,76.81,292.53,0.3,normal
3.0,78.83,331.43,1.19,normal
2.49,67.28,239.88,0.54,normal
3.54,80.82,252.33,1.42,normal
3.52,80.37,332.45,0.85,normal
2.6,82.38,185.77,1.07,normal
3.24,80.37,239.25,0.94,normal
2.53,69.06,274.51,0.38,normal
5.42,75.87,151.15,1.32,normal
4.36,74.51,232.03,0.12,normal
2.98,75.95,273.95,0.84,normal
9.29,66.1,219.8,0.22,abnormal
4.31,77.07,216.22,0.13,normal
5.97,68.23,206.88,0.99,normal
4.29,76.24,343.26,1.12,normal
2.14,80.37,214.56,1.35,normal
5.37,36.3,244.16,0.18,abnormal
4.11,95.25,289.17,0.92,abnormal
4.92,77.58,347.44,0.73,normal
5.74,84.73,207.44,0.91,normal
4.1,84.9,220.77,0.19,normal
4.08,77.64,248.5,0.27,normal
4.83,84.59,150.32,0.04,normal
2.47,81.96,309.91,1.5,normal
3.34,76.21,277.5,0.02,normal
3.13,80.8,211.55,0.76,normal
2.02,78.72,218.27,1.09,normal
2.12,68.51,216.1,0.51,normal
5.66,80.95,279.13,0.72,normal
5.57,75.74,217.02,1.18,normal
4.97,81.7,209.87,1.09,normal
4.14,69.17,287.1,1.2,normal
2.26,91.49,318.15,0.51,abnormal
4.14,68.32,271.14,0.28,normal
5.13,71.17,321.56,1.06,normal
2.35,82.54,224.32,1.24,normal
4.1,68.5,224.84,0.06,normal
2.37,75.12,309.81,1.36,normal
3.36,74.67,324.78,0.47,normal
5.08,66.97,346.45,0.77,normal
0.17,74.19,292.74,0.78,abnormal
5.73,78.74,268.86,0.13,normal
2.18,75.41,281.8,0.47,normal
3.25,82.84,214.18,0.29,normal
3.28,73.82,173.53,0.22,normal
2.06,77.46,252.81,0.31,normal
3.27,67.83,290.87,0.42,normal
2.28,77.27,217.75,0.67,normal
3.88,78.51,171.19,0.08,normal
2.72,76.92,268.55,1.25,normal
4.47,71.25,313.49,1.07,normal
4.13,84.47,301.15,0.7,normal
5.25,83.39,243.66,0.68,normal
4.84,74.31,196.34,0.34,normal
3.03,72.27,628.35,1.38,abnormal
5.44,71.5,247.5,0.1,normal
3.91,81.92,206.45,0.52,normal
4.03,73.11,292.85,0.16,normal
2.28,71.04,242.19,0.89,normal
2.97,68.18,246.47,0.1,normal
4.78,73.62,346.04,0.85,normal
4.78,68.46,283.92,1.11,normal
5.35,67.29,269.22,0.49,normal
3.78,71.16,231.16,0.9,normal
4.39,81.4,215.48,0.97,normal
2.87,67.78,266.15,1.13,normal
5.03,78.22,240.59,0.44,normal
3.79,69.11,325.49,0.45,normal
4.72,83.37,337.34,1.08,normal
12.08,77.23,252.08,1.27,abnormal
10.58,75.98,160.63,1.06,abnormal
2.44,92.82,156.24,0.65,abnormal
4.5,79.24,231.21,0.65,normal
2.69,67.78,261.08,1.26,normal
3.67,70.77,324.55,0.19,normal
4.59,67.88,326.98,0.99,normal
-1.75,77.84,233.17,0.68,abnormal
4.42,73.51,185.96,0.76,normal
3.8,72.11,187.16,0.91,normal
5.39,69.73,250.35,0.62,normal
3.47,84.56,263.63,1.06,normal
3.93,78.81,178.42,1.1,normal
3.86,90.78,327.98,0.13,abnormal
4.97,84.21,165.62,0.95,normal
3.25,66.06,218.71,1.17,normal
4.05,74.38,296.76,0.63,normal
3.16,90.35,334.57,1.12,abnormal
4.25,66.23,244.63,0.25,normal
5.96,81.18,274.86,0.43,normal
4.02,82.03,205.57,0.2,normal
5.43,65.28,172.31,0.26,normal
2.6,73.93,311.57,0.39,normal
3.94,80.99,322.4,0.51,normal
2.58,83.68,180.83,0.74,normal
2.95,43.8,277.51,0.32,abnormal
3.38,77.85,301.1,0.17,normal
3.59,71.03,299.23,1.13,normal
3.52,79.11,244.92,0.22,normal
10.02,80.95,226.4,0.47,abnormal
5.82,66.95,256.26,0.53,normal
5.67,82.17,734.48,0.4,abnormal
4.62,72.82,304.63,1.12,normal
4.35,68.9,217.48,1.04,normal
4.19,78.46,316.34,0.02,normal
2.42,73.92,193.88,0.42,normal
2.09,66.84,337.7,0.98,normal
4.55,79.16,583.98,1.28,abnormal
4.63,83.0,263.21,1.45,normal
2.74,70.89,282.1,3.38,abnormal
5.98,80.39,288.44,1.0,normal
3.03,80.61,205.46,0.09,normal
5.98,70.16,312.56,0.27,normal
5.92,69.01,228.53,0.97,normal
4.16,73.63,272.79,0.16,normal
3.04,65.7,164.08,1.09,normal
2.08,74.95,280.57,0.0,normal
3.56,68.03,215.97,0.59,normal
4.83,80.42,245.63,0.61,normal
5.25,66.4,195.17,0.58,normal
5.12,67.42,257.06,1.49,normal
3.21,66.1,349.4,0.97,normal
5.41,71.8,318.24,1.14,normal
2.81,76.09,343.5,0.99,normal
3.56,67.14,287.77,0.73,normal
4.94,37.8,188.62,1.08,abnormal
3.96,66.26,258.11,0.46,normal
5.34,73.99,349.17,0.06,normal
5.15,65.86,173.64,1.21,normal
3.83,78.56,324.85,0.22,normal
5.7,65.74,178.32,0.98,normal
5.67,65.92,290.26,0.2,normal
2.2,71.15,308.74,0.68,normal
4.36,81.36,171.27,0.75,normal
2.88,81.09,235.24,1.22,normal
3.61,67.42,286.82,5.73,abnormal
5.86,69.26,159.12,0.26,normal
3.1,80.15,183.61,0.55,normal
2.97,76.64,176.67,1.19,normal
3.5,68.16,325.93,0.12,normal
5.7,79.13,268.75,0.43,normal
5.17,74.52,175.38,0.21,normal
3.8,69.79,184.91,1.04,normal
4.87,77.24,167.6,1.24,normal
3.68,76.15,188.38,1.48,normal
3.45,80.22,877.81,0.33,abnormal
4.64,70.53,188.74,1.19,normal
5.87,74.49,185.26,1.01,normal
4.58,70.7,236.93,0.5,normal
5.03,65.87,298.08,1.39,normal
5.14,74.7,173.21,1.34,normal
4.37,71.52,189.75,1.02,normal
5.12,71.52,169.61,1.11,normal
5.57,36.47,267.02,0.08,abnormal
2.86,77.19,185.61,0.56,normal
2.78,72.17,203.94,0.5,normal
4.27,70.61,172.22,0.7,normal
5.04,69.4,209.03,0.24,normal
5.81,83.11,265.62,0.83,normal
3.65,75.44,322.44,0.32,normal
3.85,65.29,235.62,1.31,normal
3.74,69.45,335.5,1.42,normal
10.92,65.88,348.25,1.1,abnormal
3.7,72.89,311.94,1.04,normal
3.98,66.66,300.62,1.04,normal
2.87,72.17,197.81,1.5,normal
4.68,68.24,241.86,0.86,normal
5.91,74.28,177.72,1.05,normal
5.49,77.54,290.78,0.0,normal
3.54,78.82,256.18,0.44,normal
4.79,77.25,265.05,0.31,normal
4.48,71.71,336.45,0.77,normal
5.55,91.11,223.12,0.93,abnormal
2.7,76.18,163.4,1.06,normal
5.93,69.77,172.71,0.72,normal
5.48,79.06,1027.22,1.14,abnormal
5.59,75.07,234.59,0.08,normal
3.81,75.03,315.91,0.71,normal
5.3,82.99,240.4,0.55,normal
4.77,84.56,326.63,0.28,normal
8.56,82.96,207.67,1.43,abnormal
3.1,78.94,249.27,1.31,normal
4.51,70.86,343.91,0.81,normal
3.39,73.88,278.94,0.44,normal
5.49,69.65,339.49,0.97,normal
3.37,77.92,215.26,0.89,normal
5.37,73.91,210.82,0.2,normal
2.69,70.2,246.85,1.46,normal
2.19,72.06,241.19,0.25,normal
4.14,68.65,185.07,6.54,abnormal
-1.52,67.34,348.75,0.86,abnormal
3.48,69.1,291.43,1.0,normal
-0.88,75.8,182.52,0.45,abnormal
5.72,50.37,339.56,1.39,abnormal
5.88,75.92,251.48,0.97,normal
5.58,84.39,300.83,1.49,normal
5.2,79.57,334.46,0.51,normal
3.92,65.8,285.6,0.18,normal
4.47,69.41,221.48,0.49,normal
2.78,75.53,306.26,1.15,normal
2.33,81.99,285.41,1.44,normal
2.78,41.36,271.02,1.42,abnormal
3.59,97.16,235.53,0.58,abnormal
3.38,71.16,239.12,0.84,normal
5.55,79.83,233.12,0.66,normal
4.91,82.95,295.72,0.62,normal
2.34,69.16,832.23,1.3,abnormal
14.53,76.81,225.15,0.01,abnormal
3.09,68.5,242.42,0.85,normal
-1.44,72.64,260.77,0.06,abnormal
3.22,76.19,824.42,0.04,abnormal
3.05,84.12,316.85,0.71,normal
5.57,73.34,248.38,1.03,normal
2.48,70.54,348.87,0.1,normal
4.32,76.31,323.67,0.94,normal
4.78,67.39,252.51,0.86,normal
-0.26,67.92,242.21,1.04,abnormal
2.21,72.22,277.25,1.43,normal
3.17,77.78,165.37,0.29,normal
5.06,76.98,183.43,0.48,normal
5.38,81.0,204.29,1.05,normal
4.14,72.03,178.74,0.21,normal
5.12,73.24,334.18,0.24,normal
4.01,81.63,309.02,0.84,normal
5.81,81.92,292.51,1.05,normal
3.67,83.32,173.31,0.2,normal
3.39,78.82,177.8,0.66,normal
5.05,71.84,996.93,0.04,abnormal
2.89,82.14,178.47,0.34,normal
2.52,66.57,288.16,1.18,normal
5.1,80.15,158.5,0.16,normal
4.05,66.19,173.78,0.38,normal
4.67,80.09,306.47,1.38,normal
5.6,68.7,220.31,0.14,normal
5.8,93.48,182.11,0.75,abnormal
2.97,76.4,169.82,0.87,normal
2.87,68.83,206.37,1.35,normal
5.89,66.97,192.8,0.76,normal
3.47,76.79,237.93,1.44,normal
3.42,72.59,192.85,0.34,normal
5.94,67.47,172.06,0.2,normal
4.82,76.14,158.12,0.49,normal
3.13,77.01,212.4,1.46,normal
4.22,70.81,321.07,0.28,normal
5.36,74.51,285.83,0.27,normal
4.69,42.93,254.53,1.01,abnormal
3.58,78.9,345.51,1.11,normal
-1.81,84.5,217.73,0.89,abnormal
9.63,73.49,249.82,1.15,abnormal
4.37,80.13,310.2,1.41,normal
4.67,84.0,347.5,0.77,normal
3.82,67.44,247.87,0.35,normal
8.7,66.06,163.65,1.02,abnormal
4.42,41.54,210.55,0.93,abnormal
4.64,75.4,248.44,0.7,normal
3.99,75.1,258.49,1.21,normal
2.07,80.28,348.14,1.32,normal
3.8,82.06,238.51,0.05,normal
4.64,80.59,326.94,0.25,normal
3.25,72.78,302.8,0.85,normal
4.22,75.79,243.96,0.84,normal
2.22,70.27,268.21,0.57,normal
5.07,70.69,162.28,0.89,normal
3.47,81.19,266.79,1.15,normal
3.52,73.56,348.39,0.62,normal
2.98,69.69,212.42,0.13,normal
5.48,67.29,183.96,0.81,normal
4.63,73.45,252.95,0.63,normal
3.88,65.44,213.3,0.86,normal
2.39,74.77,288.17,0.31,normal
5.25,78.35,183.33,0.45,normal
-0.51,81.95,307.43,1.26,abnormal
3.15,65.95,349.25,0.6,normal
4.97,66.84,318.84,0.14,normal
2.27,81.02,245.05,0.31,normal
4.61,71.04,310.83,0.65,normal
2.8,73.05,274.99,0.68,normal
2.72,65.37,290.67,1.29,normal
2.85,84.24,298.44,0.7,normal
5.24,82.06,1134.79,1.4,abnormal
2.24,69.01,242.5,0.36,normal
5.06,81.88,232.05,1.29,normal
2.81,73.25,314.74,6.23,abnormal
4.4,73.12,172.71,0.29,normal
5.31,74.28,261.97,0.65,normal
2.15,68.19,177.29,0.39,normal
4.63,68.52,320.5,1.45,normal
2.08,82.19,166.79,0.9,normal
5.59,48.43,327.14,0.6,abnormal
-1.29,76.42,250.05,0.18,abnormal
4.32,80.5,255.05,0.74,normal
4.4,80.46,212.68,1.25,normal
5.22,79.88,337.1,0.33,normal
2.86,70.49,231.68,1.29,normal
4.13,78.99,172.59,0.82,normal
2.99,70.55,306.85,0.22,normal
3.47,71.16,279.08,1.36,normal
4.96,80.98,160.93,1.38,normal
3.01,72.69,277.79,1.05,normal
2.49,82.34,321.53,4.94,abnormal
5.71,53.36,210.18,1.4,abnormal
3.19,82.19,182.05,0.66,normal
5.25,77.89,307.86,0.41,normal
5.12,74.83,297.39,1.39,normal
3.69,83.37,170.08,0.24,normal
2.27,73.42,295.85,0.82,normal
4.78,80.24,278.27,0.28,normal
4.56,65.06,190.02,0.46,normal
2.44,69.99,292.71,1.15,normal
2.52,76.88,232.06,1.41,normal
5.49,67.67,184.7,0.89,normal
3.13,66.69,223.52,0.59,normal
5.34,76.41,154.15,0.03,normal
4.45,69.57,167.8,0.69,normal
5.41,66.0,273.6,0.9,normal
5.83,68.4,263.45,0.02,normal
5.09,83.57,315.45,0.74,normal
2.81,83.92,312.68,0.4,normal
3.53,73.63,191.32,0.32,normal
4.71,73.37,231.7,3.73,abnormal
3.05,77.35,331.47,0.55,normal
3.83,65.21,176.64,0.48,normal
4.75,79.27,291.69,1.1,normal
2.38,66.18,216.57,0.35,normal
5.76,84.34,918.76,1.12,abnormal
3.01,77.39,210.5,0.59,normal
5.87,76.19,266.1,0.39,normal
5.72,82.56,176.38,0.48,normal
2.57,67.34,158.83,0.19,normal
4.99,99.26,206.59,1.32,abnormal
5.05,70.28,212.6,1.34,normal
5.98,80.27,180.25,1.28,normal
5.19,66.06,179.72,0.34,normal
3.04,79.12,237.29,1.49,normal
11.09,84.78,262.17,0.69,abnormal
4.88,67.96,219.92,0.31,normal
5.34,80.0,314.51,0.84,normal
2.85,84.96,150.83,1.15,normal
5.68,69.92,249.62,0.14,normal
3.14,84.63,174.4,0.56,normal
13.86,68.08,166.21,1.25,abnormal
3.82,84.1,268.84,0.01,normal
4.49,74.06,339.48,8.0,abnormal
2.52,82.27,1061.09,0.42,abnormal
4.98,75.94,270.46,0.14,normal
2.96,80.42,229.78,0.03,normal
3.55,73.05,279.43,1.43,normal
3.19,81.02,297.18,1.38,normal
2.53,78.31,1082.44,0.77,abnormal
5.54,74.53,262.61,0.63,normal
5.24,77.28,236.82,0.64,normal
3.37,74.27,194.85,1.03,normal
3.98,77.59,254.94,0.44,normal
5.63,74.55,179.72,0.19,normal
-0.43,70.91,159.55,0.11,abnormal
2.43,73.5,168.9,0.99,normal
3.01,70.1,166.35,0.76,normal
4.65,68.59,186.44,0.59,normal
5.51,70.95,267.44,0.68,normal
4.5,70.3,343.34,1.31,normal
2.74,79.94,270.81,1.31,normal
4.14,65.12,173.34,0.26,normal
4.77,82.38,343.16,0.9,normal
4.47,84.48,222.15,1.01,normal
3.58,71.05,175.02,0.02,normal
2.06,84.41,321.8,0.31,normal
4.6,73.72,275.21,1.19,normal
3.2,74.27,244.8,0.03,normal
2.61,79.05,342.77,0.71,normal
2.97,70.9,1080.62,0.59,abnormal
2.41,81.95,236.36,0.62,normal
4.31,79.62,349.81,0.06,normal
4.05,79.49,337.06,1.36,normal
0.14,75.57,234.4,0.47,abnormal
5.57,73.34,244.67,0.74,normal
3.79,94.36,182.27,1.09,abnormal
3.75,75.15,267.53,1.03,normal
4.63,67.62,208.68,6.56,abnormal
4.61,72.21,244.46,7.85,abnormal
2.83,78.81,167.24,0.72,normal
2.63,74.84,308.7,1.41,normal
2.94,76.14,349.85,0.54,normal
4.71,68.49,321.89,0.76,normal
3.35,67.28,195.34,0.84,normal
5.97,80.7,303.87,1.16,normal
5.59,82.07,324.74,0.91,normal
2.2,83.93,309.8,1.44,normal
5.9,80.63,271.93,1.29,normal
4.25,75.15,183.41,0.18,normal
3.45,79.57,291.63,1.14,normal
5.48,68.09,222.75,1.23,normal
2.81,84.39,303.84,0.01,normal
3.37,45.1,167.05,0.56,abnormal
3.44,78.3,180.32,1.13,normal
2.91,81.04,232.68,0.61,normal
5.41,80.89,222.35,0.04,normal
2.04,81.12,338.73,0.13,normal
5.93,68.29,162.29,1.14,normal
4.57,83.05,161.56,0.95,normal
4.64,75.4,209.14,0.6,normal
4.21,71.09,298.54,1.36,normal
3.12,75.56,334.09,1.05,normal
2.82,75.89,307.67,0.98,normal
5.55,80.63,230.9,0.3,normal
2.15,71.69,295.02,1.11,normal
5.97,70.68,168.56,0.83,normal
5.03,68.2,155.58,1.19,normal
2.97,80.48,295.3,1.48,normal
2.24,72.46,275.4,0.53,normal
4.6,67.49,209.59,1.11,normal
5.93,81.11,347.8,0.85,normal
4.66,81.89,196.77,4.5,abnormal
5.26,76.46,177.99,0.57,normal
2.42,75.33,188.51,1.17,normal
2.59,73.51,232.41,0.14,normal
2.52,69.3,165.61,1.02,normal
4.24,80.58,324.4,0.88,normal
5.99,78.78,339.56,1.1,normal
2.65,75.12,246.95,0.69,normal
5.45,67.36,648.85,0.71,abnormal
5.78,72.39,340.36,0.9,normal
2.48,76.44,158.06,0.23,normal
5.96,71.07,247.19,1.19,normal
4.36,65.97,328.85,1.33,normal
5.28,74.78,174.47,0.52,normal
3.92,41.19,240.47,0.51,abnormal
5.34,81.67,176.56,0.21,normal
5.05,78.34,179.8,1.09,normal
4.5,77.47,227.45,1.35,normal
2.18,78.41,238.62,0.42,normal
2.66,65.5,276.02,1.16,normal
4.58,77.88,167.03,1.43,normal
5.03,84.15,254.35,1.13,normal
2.07,78.17,256.37,1.44,normal
2.82,81.59,317.78,0.87,normal
4.13,71.41,267.78,0.74,normal
3.75,94.15,321.93,0.48,abnormal
2.46,66.99,183.63,0.22,normal
2.36,71.14,231.46,0.25,normal
3.3,65.54,161.7,0.58,normal
3.65,71.48,225.1,1.24,normal
2.81,80.04,267.21,0.74,normal
3.54,67.3,162.13,0.7,normal
3.94,73.15,196.75,1.33,normal
5.85,78.5,199.26,0.83,normal
3.22,73.13,166.78,0.95,normal
5.87,72.47,347.06,1.17,normal
3.7,83.23,240.35,0.0,normal
5.32,70.78,344.42,0.0,normal
3.09,40.02,286.0,1.5,abnormal
-0.24,75.21,159.1,1.11,abnormal
3.2,72.91,174.6,0.21,normal
3.12,73.64,272.09,1.44,normal
4.73,71.85,202.27,1.13,normal
2.98,84.66,218.33,0.69,normal
2.06,78.84,279.29,0.0,normal
5.61,78.45,232.63,1.34,normal
5.05,75.76,307.46,0.97,normal
2.12,81.64,284.32,1.01,normal
5.25,81.55,221.59,0.27,normal
4.79,65.17,242.54,1.4,normal
2.89,65.4,206.23,1.38,normal
2.36,77.27,210.64,1.08,normal
3.98,72.26,206.15,1.36,normal
2.84,68.92,314.22,0.59,normal
4.0,68.41,635.64,1.11,abnormal
4.41,68.51,267.63,1.12,normal
5.73,82.11,326.2,1.09,normal
5.39,65.46,343.96,1.02,normal
4.72,82.66,150.39,0.64,normal
4.6,82.08,214.6,1.27,normal
2.49,75.37,249.11,0.78,normal
4.88,65.94,333.68,0.8,normal
3.57,71.69,326.02,1.21,normal
0.93,73.48,164.89,0.37,abnormal
3.24,77.52,169.35,0.72,normal
4.37,77.53,216.86,0.38,normal
2.95,71.82,160.89,0.5,normal
5.77,80.51,273.91,1.15,normal
4.32,66.71,162.14,0.05,normal
5.39,66.3,175.51,1.38,normal
3.21,77.52,163.16,1.02,normal
3.18,72.63,169.17,1.13,normal
4.4,78.19,152.12,0.58,normal
5.52,77.38,217.92,1.41,normal
3.82,71.56,188.5,0.15,normal
2.27,80.79,188.72,0.86,normal
3.03,73.42,294.92,0.67,normal
5.19,66.21,212.33,0.65,normal
3.24,98.85,305.1,0.22,abnormal
3.37,72.38,151.62,0.88,normal
2.23,75.14,317.03,1.29,normal
2.78,69.01,331.7,1.18,normal
4.67,78.9,346.38,0.9,normal
4.31,84.26,273.22,0.63,normal
3.82,80.78,158.44,0.33,normal
2.89,69.61,274.78,0.36,normal
5.81,71.63,298.02,0.31,normal
5.96,72.26,164.75,0.05,normal
3.16,68.89,267.14,1.15,normal
2.12,68.96,184.83,1.33,normal
3.36,76.09,185.71,0.03,normal
8.15,78.55,225.78,1.18,abnormal
5.74,71.1,198.03,1.21,normal
5.76,84.54,349.54,1.32,normal
8.83,82.65,176.16,0.28,abnormal
4.78,71.36,235.91,0.95,normal
4.35,82.09,705.93,0.22,abnormal
4.52,70.6,175.29,0.76,normal
3.96,79.55,306.93,1.19,normal
2.67,72.76,326.48,1.13,normal
4.08,68.58,292.5,0.79,normal
5.82,74.48,266.24,0.96,normal
4.6,69.14,328.98,0.68,normal
2.87,73.5,225.42,0.24,normal
4.2,91.34,166.81,0.67,abnormal
4.34,74.31,274.23,0.64,normal
3.64,81.09,213.4,0.57,normal
2.94,77.91,221.82,0.12,normal
4.19,66.56,693.5,0.34,abnormal
3.44,75.92,216.75,1.01,normal
4.98,80.37,319.09,0.29,normal
2.55,82.1,293.24,0.81,normal
5.08,70.64,219.33,1.5,normal
5.03,65.24,957.86,1.48,abnormal
2.91,49.47,191.98,0.35,abnormal
4.21,74.37,312.88,0.51,normal
5.38,73.58,338.39,0.63,normal
5.41,65.6,177.79,1.31,normal
4.95,75.0,281.77,0.53,normal
3.7,80.05,302.57,1.04,normal
4.35,76.35,156.44,0.21,normal
4.27,97.99,332.75,0.86,abnormal
3.53,83.97,162.74,0.58,normal
3.32,84.24,277.8,0.46,normal
4.7,68.55,315.29,0.91,normal
2.8,83.23,227.18,0.31,normal
4.1,74.09,223.73,0.02,normal
5.64,72.82,347.92,0.19,normal
4.97,72.78,330.72,0.31,normal
3.73,97.1,244.96,0.91,abnormal
2.81,79.34,821.27,0.3,abnormal
2.26,42.98,311.51,0.79,abnormal
3.84,46.52,297.46,0.43,abnormal
3.39,51.85,308.47,0.59,abnormal
-0.75,68.59,273.55,0.65,abnormal
4.64,78.97,169.11,1.05,normal
5.54,68.16,326.51,0.81,normal
2.27,79.53,330.45,1.36,normal
5.05,67.42,223.75,1.13,normal
5.12,73.2,182.97,0.31,normal
2.11,77.78,285.12,0.69,normal
3.6,68.89,157.55,0.38,normal
2.55,78.41,242.85,0.69,normal
4.63,79.27,237.54,0.71,normal
2.65,81.77,271.4,0.27,normal
4.97,68.37,284.28,0.02,normal
3.76,68.56,292.88,1.34,normal
3.77,65.96,276.96,0.78,normal
4.64,67.06,288.07,0.67,normal
2.19,72.55,190.35,0.37,normal
-1.73,73.43,347.86,0.51,abnormal
4.68,69.41,326.46,1.2,normal
0.17,65.88,252.5,1.22,abnormal
4.51,77.49,336.87,0.59,normal
2.93,67.12,214.67,0.02,normal
2.05,69.26,194.02,0.99,normal
4.5,65.88,327.09,0.62,normal
4.0,84.81,292.51,1.19,normal
2.69,84.18,919.91,1.47,abnormal
4.71,84.45,288.74,0.5,normal
5.54,71.36,320.31,0.72,normal
4.43,76.7,226.47,0.96,normal
4.35,84.77,196.52,0.92,normal
2.95,94.28,198.71,0.12,abnormal
3.99,69.04,225.15,0.96,normal
4.9,84.77,238.75,1.32,normal
3.27,80.74,157.92,1.19,normal
5.25,80.01,195.8,1.1,normal
2.82,66.08,333.54,1.48,normal
4.79,69.45,324.54,0.78,normal
4.52,66.29,248.33,1.43,normal
5.97,83.77,175.11,0.26,normal
5.18,69.09,251.48,0.64,normal
2.66,68.95,234.8,0.91,normal
4.31,84.35,190.28,1.29,normal
5.8,72.19,225.54,0.71,normal
4.44,73.67,181.18,1.43,normal
5.05,73.55,166.65,1.36,normal
4.15,76.06,185.14,0.57,normal
3.13,76.24,246.17,0.5,normal
2.78,83.32,150.84,1.29,normal
3.5,73.09,233.16,0.59,normal
3.54,71.16,347.5,0.11,normal
10.69,76.31,188.85,0.65,abnormal
5.65,79.44,251.92,0.73,normal
4.79,78.02,335.3,1.1,normal
2.14,81.26,276.19,1.01,normal
4.58,70.23,241.09,1.02,normal
4.41,84.04,318.3,0.02,normal
4.58,83.34,229.53,0.88,normal
5.64,82.52,616.08,0.64,abnormal
4.0,75.66,327.33,0.88,normal
5.01,83.49,323.88,0.16,normal
5.19,81.28,203.8,0.31,normal
4.8,65.13,183.68,0.74,normal
5.09,73.36,233.37,0.43,normal
2.71,68.73,176.87,0.73,normal
2.44,76.34,192.51,0.3,normal
5.24,68.84,346.59,1.31,normal
5.65,67.18,277.29,0.12,normal
2.5,66.29,155.93,0.35,normal
5.04,65.19,203.22,1.43,normal
5.16,65.84,192.21,1.19,normal
4.08,84.24,203.17,0.73,normal
4.42,71.73,286.37,0.51,normal
2.96,72.22,229.69,0.92,normal
5.23,90.03,324.11,0.6,abnormal
-1.92,67.46,256.13,1.43,abnormal
2.99,74.04,287.24,1.3,normal
4.64,65.06,277.61,1.41,normal
4.54,82.47,343.92,1.1,normal
2.93,74.69,297.84,1.19,normal
5.76,83.83,245.22,0.99,normal
2.4,72.7,271.43,1.07,normal
5.14,79.33,522.22,0.75,abnormal
5.33,84.93,347.44,0.7,normal
11.38,75.81,198.67,0.26,abnormal
2.36,73.7,293.15,3.8,abnormal
5.07,39.41,201.53,0.71,abnormal
12.66,83.45,276.71,0.74,abnormal
3.33,69.48,265.19,1.39,normal
3.37,83.2,298.59,1.09,normal
5.14,84.32,237.39,0.35,normal
3.16,67.23,218.05,0.89,normal
5.77,76.46,175.48,0.47,normal
4.95,71.22,268.01,0.28,normal
3.69,80.43,309.5,1.4,normal
4.65,76.82,171.32,0.01,normal
2.58,99.43,317.44,0.75,abnormal
4.41,67.92,283.07,1.2,normal
4.4,71.18,348.07,0.19,normal
4.3,77.62,193.14,4.46,abnormal
14.87,71.66,315.58,0.32,abnormal
5.24,79.01,160.51,1.3,normal
3.95,72.84,346.88,0.99,normal
11.84,71.75,285.58,1.49,abnormal
3.56,75.56,206.61,1.04,normal
5.43,72.88,176.18,1.13,normal
5.22,82.0,291.92,0.69,normal
2.55,78.92,208.22,0.22,normal
4.99,79.71,151.83,1.09,normal
4.71,84.77,179.52,1.43,normal
5.37,83.52,169.21,1.46,normal
2.21,84.61,280.02,0.89,normal
4.89,69.9,173.76,4.98,abnormal
4.38,68.45,299.04,1.16,normal
4.63,80.55,322.98,6.25,abnormal
4.61,72.35,174.0,0.12,normal
4.68,75.19,154.61,0.86,normal
3.09,79.91,308.87,0.27,normal
4.58,73.67,264.28,0.15,normal
5.64,80.9,186.98,1.22,normal
4.22,75.73,312.44,0.73,normal
4.34,79.27,308.01,0.19,normal
5.86,82.95,186.13,0.9,normal
4.22,81.01,174.61,0.19,normal
2.64,76.25,320.29,0.05,normal
3.19,84.33,620.12,1.47,abnormal
2.99,65.92,339.16,1.36,normal
4.14,67.8,248.09,0.47,normal
4.42,95.11,287.59,0.99,abnormal
2.15,67.83,321.22,0.32,normal
4.21,76.84,205.48,1.09,normal
4.2,70.21,279.95,0.24,normal
5.78,78.53,338.04,0.21,normal
4.52,70.39,276.62,0.97,normal
4.25,77.96,252.29,0.25,normal
5.97,94.34,155.18,0.91,abnormal
2.5,67.2,259.67,0.1,normal
3.45,71.67,204.65,1.3,normal
2.04,72.54,343.75,0.57,normal
5.7,68.51,295.67,0.46,normal
2.38,41.98,264.43,0.42,abnormal
2.4,65.96,213.6,1.13,normal
5.22,78.56,307.75,0.83,normal
3.91,37.55,151.9,0.77,abnormal
2.51,72.58,297.08,0.08,normal
5.9,79.15,199.82,0.91,normal
2.73,84.72,309.69,0.75,normal
3.71,83.83,326.28,1.22,normal
5.43,83.95,231.3,0.47,normal
2.32,79.6,338.97,0.25,normal
4.97,76.08,248.57,1.31,normal
4.71,53.65,177.29,0.75,abnormal
4.71,75.65,174.94,0.02,normal
5.33,65.15,235.0,0.8,normal
5.98,78.22,334.09,1.5,normal
4.44,77.15,342.93,6.37,abnormal
5.62,68.5,756.94,0.2,abnormal
2.2,74.91,184.1,1.45,normal
4.72,81.63,320.16,1.29,normal
3.93,70.3,150.45,0.95,normal
5.69,83.58,341.83,0.77,normal
5.57,51.97,161.5,0.01,abnormal
3.19,67.14,219.94,1.08,normal
2.04,73.62,189.51,0.79,normal
2.5,44.75,181.13,0.98,abnormal
3.58,70.99,235.67,0.27,normal
2.43,73.77,317.87,0.24,normal
3.74,72.18,324.1,0.3,normal
2.16,72.89,298.78,1.35,normal
2.8,74.59,283.05,0.4,normal
4.2,81.0,292.86,0.49,normal
5.53,75.04,334.71,1.26,normal
2.44,67.16,154.23,0.23,normal
5.07,69.73,285.66,0.51,normal
2.03,74.6,206.44,3.41,abnormal
4.47,79.58,187.37,0.42,normal
3.05,79.02,283.27,0.64,normal
5.13,67.06,296.09,0.92,normal
5.42,77.58,179.75,0.18,normal
3.1,68.84,179.24,0.03,normal
5.46,72.61,254.99,1.05,normal
-0.99,74.58,251.97,0.97,abnormal
3.08,70.61,220.2,0.63,normal
2.19,65.82,160.43,1.12,normal
3.89,83.17,170.15,0.28,normal
3.34,91.12,283.79,1.02,abnormal
2.52,72.21,312.01,1.11,normal
4.42,69.77,205.19,0.88,normal
2.43,77.59,270.37,0.06,normal
5.27,68.86,239.15,3.49,abnormal
3.37,79.51,1192.75,0.3,abnormal
2.18,68.83,260.1,0.38,normal
5.9,82.9,813.94,1.08,abnormal
11.38,75.48,340.49,1.19,abnormal
3.1,84.35,207.93,1.43,normal
5.89,68.8,312.91,0.74,normal
4.05,66.5,237.55,0.76,normal
3.56,77.14,191.38,0.01,normal
4.37,65.18,335.73,0.77,normal
4.88,70.18,320.5,0.44,normal
2.48,69.48,256.71,0.44,normal
5.77,70.56,176.59,1.31,normal
5.92,84.79,191.99,0.17,normal
4.53,84.44,214.91,1.42,normal
4.89,94.08,272.3,0.49,abnormal
5.26,81.48,193.86,1.45,normal
5.89,75.75,345.75,1.17,normal
2.43,79.92,226.4,0.98,normal
4.42,69.12,238.44,4.62,abnormal
4.52,82.16,229.09,0.67,normal
3.74,67.97,245.8,0.74,normal
5.26,68.52,263.93,1.42,normal
3.13,71.2,327.05,1.23,normal
2.75,67.87,235.28,0.68,normal
3.61,79.49,177.46,1.13,normal
2.4,72.68,172.01,0.02,normal
8.93,80.4,203.53,1.41,abnormal
5.17,65.19,308.33,0.81,normal
5.41,66.7,177.85,1.14,normal
-1.08,74.58,198.76,0.82,abnormal
4.17,65.42,158.91,0.82,normal
5.55,73.31,150.24,0.34,normal
3.54,72.07,207.37,1.38,normal
4.75,79.3,330.32,0.74,normal
-1.69,84.12,221.46,0.92,abnormal
5.69,83.4,329.12,0.91,normal
4.12,76.99,285.89,0.23,normal
3.21,81.35,219.68,0.16,normal
3.48,70.31,331.4,6.99,abnormal
5.45,84.56,305.56,0.22,normal
3.79,80.94,345.27,1.22,normal
3.71,79.53,178.93,0.48,normal
5.07,72.05,248.84,0.72,normal
5.17,71.67,1061.5,0.98,abnormal
3.67,74.94,256.75,0.8,normal
2.33,49.3,255.39,1.16,abnormal
2.88,66.75,222.34,0.3,normal
4.23,99.58,334.18,0.09,abnormal
5.4,82.34,313.8,0.44,normal
5.41,84.44,332.59,0.36,normal
13.23,67.34,289.16,0.21,abnormal
4.78,73.49,160.82,0.16,normal
3.91,76.88,181.63,0.22,normal
2.98,65.25,316.21,0.62,normal
3.88,67.8,255.49,1.42,normal
4.89,73.88,278.97,0.02,normal
2.24,77.85,270.83,0.26,normal
3.59,73.47,339.65,0.68,normal
3.03,76.44,211.21,0.34,normal
5.89,95.22,345.59,0.19,abnormal
4.48,69.38,186.74,1.12,normal
5.37,81.33,243.69,0.47,normal
5.31,68.3,310.67,0.97,normal
2.43,66.56,270.64,1.27,normal
3.13,75.83,163.06,0.9,normal
3.24,76.03,277.68,0.05,normal
5.91,76.3,262.75,1.19,normal
3.26,83.87,151.7,0.53,normal
3.59,68.9,300.37,1.09,normal
4.7,71.63,329.3,5.52,abnormal
5.1,65.47,309.21,0.72,normal
10.03,68.03,242.62,1.33,abnormal
4.87,82.69,311.5,0.98,normal
2.64,84.27,253.26,1.09,normal
5.72,71.83,307.07,0.51,normal
5.42,73.62,328.14,1.16,normal
2.84,77.21,165.0,0.23,normal
3.99,81.09,178.52,1.31,normal
5.88,80.63,167.43,0.14,normal
5.74,68.23,206.02,0.54,normal
2.72,80.44,201.59,0.71,normal
5.51,78.01,178.09,0.19,normal
2.16,82.18,230.19,1.29,normal
-0.68,75.25,274.93,0.47,abnormal
3.65,74.0,325.48,1.49,normal
5.91,66.14,308.12,1.05,normal
2.62,67.11,225.16,0.86,normal
-0.84,74.25,168.7,0.7,abnormal
5.6,74.3,167.16,1.1,normal
5.07,38.99,215.74,0.48,abnormal
2.85,49.83,172.87,0.68,abnormal
5.79,67.91,192.69,0.85,normal
2.25,51.17,307.91,1.47,abnormal
2.85,65.46,301.72,0.63,normal
2.7,67.83,204.78,0.12,normal
5.49,45.5,283.93,0.39,abnormal
14.26,73.57,342.67,0.45,abnormal
5.77,74.63,257.1,1.18,normal
3.42,48.86,227.83,0.01,abnormal
4.39,66.56,283.59,0.92,normal
5.95,83.78,298.57,1.11,normal
2.6,74.17,179.5,1.3,normal
5.88,73.13,254.14,0.01,normal
5.33,67.51,239.87,1.45,normal
2.87,84.58,234.04,0.82,normal
3.51,71.96,340.48,1.46,normal
2.06,81.28,153.24,1.34,normal
5.47,78.99,279.78,0.68,normal
3.41,75.85,254.63,1.15,normal
2.7,73.57,185.38,0.89,normal
3.53,81.9,287.71,0.66,normal
4.48,83.5,321.4,1.49,normal
2.42,77.99,273.25,0.62,normal
5.01,83.54,169.94,0.67,normal
2.13,70.8,234.13,0.33,normal
3.52,68.91,243.91,0.19,normal
3.65,51.41,290.77,1.11,abnormal
3.5,69.48,206.72,1.32,normal
5.35,80.9,232.94,0.36,normal
2.13,35.52,308.1,1.26,abnormal
4.96,71.35,184.08,0.86,normal
4.22,72.83,273.25,0.59,normal
5.73,73.58,337.88,0.59,normal
3.61,71.36,181.69,0.35,normal
2.51,67.37,265.39,0.59,normal
5.67,81.75,181.81,0.48,normal
2.1,65.23,304.01,0.23,normal
4.17,84.45,264.36,0.04,normal
5.93,77.69,305.52,0.28,normal
2.89,68.88,318.09,1.09,normal
3.51,70.21,160.35,0.12,normal
2.09,84.7,323.39,0.17,normal
8.75,70.65,328.92,0.14,abnormal
3.45,81.77,228.16,0.74,normal
2.29,84.18,165.26,1.03,normal
3.25,83.17,311.71,0.27,normal
2.71,76.35,271.33,0.05,normal
3.94,96.14,259.3,0.24,abnormal
5.71,68.86,155.91,0.03,normal
2.61,82.34,172.96,0.33,normal
2.88,79.55,337.97,0.4,normal
5.81,71.97,260.3,0.44,normal
3.98,75.25,229.99,0.29,normal
4.75,82.75,206.22,0.59,normal
5.07,71.23,308.82,1.43,normal
5.53,73.47,299.42,1.22,normal
4.43,73.59,263.43,0.56,normal
2.26,68.34,156.75,0.77,normal
3.17,81.53,279.02,1.45,normal
2.12,68.6,214.54,1.19,normal
2.29,78.14,224.39,1.17,normal
3.27,65.22,215.77,0.7,normal
5.59,76.23,227.12,0.9,normal
2.41,70.56,271.58,1.33,normal
12.02,77.93,286.43,0.65,abnormal
2.79,65.99,248.79,0.07,normal
2.48,74.06,270.29,0.89,normal
2.09,65.36,306.66,0.86,normal
3.85,67.62,343.37,0.06,normal
4.11,71.75,153.25,0.7,normal
4.89,40.49,300.74,0.6,abnormal
3.25,77.25,228.67,1.04,normal
5.39,84.34,174.28,0.56,normal
2.12,65.96,152.08,0.16,normal
4.75,73.71,184.04,0.29,normal
5.26,95.38,150.99,1.03,abnormal
5.53,65.86,159.6,0.46,normal
4.75,80.83,225.91,1.05,normal
3.84,67.53,1103.33,1.13,abnormal
4.55,48.36,254.35,0.36,abnormal
3.96,70.61,304.53,0.72,normal
5.06,79.23,220.6,1.25,normal
4.59,82.12,288.99,0.11,normal
2.85,78.41,243.63,0.58,normal
3.36,81.28,302.32,0.77,normal
5.78,79.17,281.06,1.27,normal
2.52,83.33,227.12,0.68,normal
2.81,73.0,163.73,0.63,normal
5.81,76.54,170.41,0.69,normal
2.44,65.33,242.17,0.4,normal
4.12,72.04,173.67,0.83,normal
2.85,72.94,236.17,0.5,normal
3.48,65.98,226.5,1.39,normal
2.76,68.53,205.19,0.91,normal
2.44,66.0,199.79,0.17,normal
5.58,76.5,197.75,0.8,normal
5.53,78.99,230.91,0.59,normal
5.3,78.83,249.03,0.26,normal
4.55,79.12,207.6,0.0,normal
5.63,77.44,297.82,1.28,normal
2.68,78.63,183.33,0.5,normal
5.85,78.32,235.58,0.03,normal
9.2,80.21,151.95,0.53,abnormal
2.0,82.46,244.51,0.07,normal
4.72,70.81,195.66,0.75,normal
5.1,67.0,310.78,0.5,normal
3.4,75.91,282.68,0.38,normal
5.31,71.02,216.75,0.78,normal
5.46,81.87,246.87,0.4,normal
4.56,67.96,232.06,0.33,normal
3.99,92.44,298.2,1.46,abnormal
4.98,68.88,340.96,0.96,normal
4.72,82.98,239.85,7.79,abnormal
3.06,78.58,327.6,0.59,normal
5.98,71.19,158.22,0.78,normal
4.45,73.67,241.01,1.45,normal
3.15,84.39,249.79,1.03,normal
2.6,84.33,274.76,1.0,normal
3.15,81.0,153.12,0.06,normal
4.37,66.06,211.16,0.65,normal
2.0,70.03,220.04,0.42,normal
5.83,76.21,340.74,6.57,abnormal
4.93,73.64,333.65,0.44,normal
5.73,69.97,285.7,0.58,normal
5.62,82.86,334.04,0.9,normal
3.74,82.52,310.88,0.21,normal
3.0,73.33,189.9,0.46,normal
5.71,74.22,186.67,1.17,normal
8.97,73.84,212.65,1.4,abnormal
3.87,73.55,234.1,0.62,normal
4.24,84.15,234.18,1.13,normal
3.21,69.85,252.44,0.19,normal
4.26,70.87,301.07,0.59,normal
2.02,81.15,324.98,0.69,normal
2.22,81.6,279.98,0.5,normal
3.16,74.63,216.26,0.09,normal
4.7,79.79,160.6,0.31,normal
4.96,74.91,194.71,1.01,normal
4.51,97.19,337.31,1.21,abnormal
2.8,66.34,180.6,1.32,normal
2.99,67.07,154.93,0.76,normal
5.7,71.0,246.74,0.28,normal
5.39,70.21,272.55,0.66,normal
2.49,67.92,154.33,0.21,normal
2.96,75.23,289.93,0.3,normal
3.16,67.0,267.75,0.55,normal
3.54,81.0,242.79,1.22,normal
3.13,67.4,227.89,0.87,normal
4.6,78.14,238.9,1.36,normal
2.56,82.65,241.67,0.01,normal
4.0,82.22,192.16,1.35,normal
4.05,68.49,180.28,0.98,normal
3.84,82.17,178.01,1.18,normal
5.69,66.36,317.87,0.73,normal
4.64,76.52,1149.19,1.16,abnormal
2.52,71.48,341.04,0.52,normal
3.62,65.9,320.41,0.24,normal
2.42,83.68,245.28,1.14,normal
5.18,67.11,326.15,6.64,abnormal
5.89,83.45,162.39,0.38,normal
5.0,73.83,224.86,0.95,normal
2.7,67.15,239.9,0.2,normal
4.23,68.91,248.22,1.02,normal
4.97,73.68,255.71,1.19,normal
2.1,84.2,169.24,0.05,normal
2.02,80.49,263.66,1.3,normal
4.73,84.15,295.66,0.79,normal
2.83,81.55,250.17,0.53,normal
0.4,73.78,275.09,1.31,abnormal
2.51,75.34,170.18,0.75,normal
4.16,65.45,314.27,0.43,normal
4.81,36.36,324.29,1.45,abnormal
4.3,82.06,336.36,0.75,normal
2.23,78.95,172.17,0.71,normal
4.61,90.32,234.28,0.3,abnormal
8.98,75.94,296.77,1.39,abnormal
5.51,69.71,164.58,1.42,normal
5.34,81.15,219.17,3.35,abnormal
4.96,83.59,327.5,0.72,normal
4.89,67.08,249.32,0.34,normal
3.91,80.63,325.29,0.34,normal
13.42,81.23,256.84,1.29,abnormal
4.95,76.05,160.43,1.15,normal
3.72,73.54,177.55,0.66,normal
3.41,93.43,333.61,0.36,abnormal
2.04,73.26,300.51,1.21,normal
2.18,81.04,324.65,0.37,normal
2.23,73.77,206.52,0.47,normal
5.56,84.96,175.94,0.6,normal
4.63,66.53,337.67,0.31,normal
5.25,82.95,321.75,0.67,normal
3.47,76.03,323.79,0.37,normal
4.79,95.03,160.8,1.35,abnormal
4.49,70.6,190.71,0.21,normal
-1.09,76.06,174.55,1.09,abnormal
2.14,69.7,238.06,1.15,normal
11.49,65.68,205.59,0.58,abnormal
8.42,82.09,226.79,0.03,abnormal
3.78,69.49,225.87,0.99,normal
4.64,65.63,302.6,1.41,normal
5.69,99.07,312.05,0.89,abnormal
3.36,81.58,236.82,0.64,normal
4.94,66.14,171.84,0.58,normal
4.71,82.17,337.6,0.7,normal
4.27,75.38,182.51,0.57,normal
5.7,67.64,153.04,1.2,normal
14.99,80.43,209.16,0.86,abnormal
3.1,70.37,200.1,0.98,normal
2.05,71.14,282.16,1.25,normal
3.85,43.8,243.29,1.45,abnormal
5.38,69.36,161.72,1.41,normal
4.44,71.28,162.81,0.27,normal
3.1,82.38,175.44,0.95,normal
4.47,65.99,172.89,0.06,normal
5.44,76.6,158.39,1.08,normal
4.86,70.18,201.49,1.02,normal
4.16,90.45,196.94,0.16,abnormal
2.45,66.55,190.81,0.86,normal
3.66,77.84,325.17,3.72,abnormal
5.15,71.7,231.63,0.98,normal
5.89,77.44,182.06,0.07,normal
2.1,77.18,1065.62,0.77,abnormal
4.03,76.63,218.81,0.32,normal
12.6,68.0,302.52,0.97,abnormal
-0.3,84.96,276.06,1.1,abnormal
2.48,82.57,309.64,0.91,normal
4.08,71.34,189.0,0.86,normal
2.97,97.68,222.39,0.68,abnormal
2.46,69.82,296.56,1.32,normal
3.41,75.11,332.93,0.98,normal
3.8,73.38,263.87,1.24,normal
4.15,80.53,231.52,0.88,normal
3.04,70.74,212.77,0.12,normal
5.93,76.52,276.53,1.16,normal
2.06,37.42,202.68,0.83,abnormal
2.4,82.39,316.77,3.12,abnormal
2.29,75.3,255.86,0.58,normal
2.51,78.94,198.29,0.44,normal
5.3,71.73,271.75,0.16,normal
2.3,83.41,339.98,1.37,normal
4.96,73.71,301.53,1.05,normal
4.89,76.79,314.02,0.76,normal
2.03,76.86,284.78,0.68,normal
2.71,79.45,205.86,1.16,normal
3.97,65.97,253.54,0.79,normal
5.71,70.71,226.81,1.14,normal
13.7,79.69,347.84,0.32,abnormal
4.3,77.31,169.89,0.43,normal
3.1,73.78,327.07,0.43,normal
5.01,83.49,966.5,0.21,abnormal
5.36,80.1,155.47,1.35,normal
4.15,68.9,841.86,1.23,abnormal
3.13,83.96,235.3,0.67,normal
3.82,83.36,293.25,1.38,normal
5.56,74.87,167.37,0.21,normal
4.67,84.37,310.73,1.12,normal
2.3,68.13,217.07,0.68,normal
4.69,66.48,287.59,1.34,normal
2.4,79.1,254.26,0.29,normal
5.35,77.52,339.84,0.94,normal
4.35,82.44,194.04,0.29,normal
3.94,68.74,249.35,0.2,normal
2.35,75.33,294.66,0.32,normal
3.96,77.22,292.0,0.06,normal
4.45,77.62,196.94,0.52,normal
5.82,82.56,318.14,1.31,normal
3.96,77.6,269.57,0.82,normal
2.88,84.26,329.36,1.15,normal
3.79,69.95,234.97,0.26,normal
2.45,78.94,290.96,6.87,abnormal
5.22,74.78,232.4,0.35,normal
4.03,82.8,306.57,0.09,normal
3.05,71.35,228.28,0.66,normal
5.65,70.37,295.64,0.51,normal
3.23,73.2,264.5,0.25,normal
4.5,83.96,272.66,0.49,normal
2.08,79.44,310.48,0.14,normal
5.65,80.34,260.58,0.98,normal
3.45,68.97,181.4,0.8,normal
-1.13,68.23,224.78,0.62,abnormal
2.99,65.27,319.1,1.13,normal
4.01,80.83,158.46,0.42,normal
4.53,78.76,156.76,1.12,normal
3.51,73.02,313.66,1.31,normal
8.52,79.44,302.48,0.62,abnormal
5.32,77.1,180.37,1.1,normal
2.78,77.11,212.44,0.49,normal
2.09,70.48,190.53,0.4,normal
3.89,70.82,168.61,1.45,normal
3.93,83.15,256.64,0.37,normal
3.99,72.87,224.55,0.82,normal
2.9,84.5,229.47,0.35,normal
4.25,77.86,216.49,1.21,normal
11.93,69.15,338.42,0.89,abnormal
3.61,81.76,254.68,1.26,normal
2.24,74.87,232.37,1.11,normal
10.25,76.31,231.31,0.01,abnormal
5.02,80.89,259.12,0.47,normal
3.29,79.18,252.89,1.29,normal
14.45,73.51,165.5,0.19,abnormal
4.08,67.43,189.47,1.3,normal
5.54,74.9,275.23,0.79,normal
5.5,73.36,151.85,0.18,normal
5.69,78.53,254.5,6.08,abnormal
4.6,67.83,254.65,0.31,normal
4.86,75.39,200.25,0.69,normal
4.88,82.05,177.07,5.62,abnormal
10.22,68.58,244.1,1.49,abnormal
4.81,68.99,168.77,0.69,normal
4.5,76.89,163.35,0.95,normal
4.52,99.28,204.92,1.23,abnormal
4.92,72.35,1036.89,1.4,abnormal
4.57,69.05,268.53,0.15,normal
2.71,76.27,175.34,0.78,normal
3.53,76.51,320.68,0.91,normal
5.49,78.37,244.68,3.84,abnormal
5.96,66.83,310.67,0.22,normal
5.5,71.47,329.19,0.08,normal
3.76,78.3,215.42,0.75,normal
4.24,72.55,227.11,0.71,normal
4.09,75.61,326.66,1.26,normal
5.33,79.23,317.98,5.8,abnormal
5.16,78.71,261.58,0.65,normal
2.1,72.31,243.22,1.01,normal
2.86,76.2,349.58,1.41,normal
2.72,79.95,152.13,0.66,normal
2.02,71.21,168.82,0.55,normal
5.69,77.14,156.71,0.41,normal
2.18,78.91,200.61,0.94,normal
14.04,83.55,349.45,0.95,abnormal
3.89,82.5,300.12,1.21,normal
2.12,82.89,180.64,1.1,normal
-1.75,81.68,173.89,0.67,abnormal
3.26,82.16,205.5,1.28,normal
4.95,71.65,284.4,1.35,normal
0.72,76.74,338.86,0.77,abnormal
3.67,48.35,162.3,0.29,abnormal
2.59,70.33,184.52,0.07,normal
4.75,73.19,277.06,1.26,normal
3.1,93.51,218.29,0.85,abnormal
4.26,74.26,173.25,0.14,normal
2.74,76.82,343.15,1.15,normal
2.87,72.49,166.25,1.09,normal
5.35,77.85,330.3,0.29,normal
2.53,66.07,291.18,0.27,normal
3.26,69.52,187.65,1.33,normal
3.18,78.95,202.91,0.73,normal
3.4,77.84,239.93,0.95,normal
14.65,76.7,181.14,0.85,abnormal
3.39,51.22,309.25,0.31,abnormal
4.02,81.6,308.86,0.14,normal
3.03,74.35,156.29,0.17,normal
2.75,67.8,267.36,0.56,normal
4.35,65.68,290.26,0.94,normal
9.11,74.51,217.33,1.35,abnormal
3.43,68.25,259.36,1.13,normal
4.47,76.87,288.9,1.1,normal
2.97,79.47,270.19,0.72,normal
2.16,83.58,196.86,1.4,normal
10.95,80.48,340.8,0.6,abnormal
4.05,83.45,327.32,1.45,normal
0.85,76.36,177.91,1.0,abnormal
2.22,66.81,308.57,0.21,normal
3.58,74.21,281.72,0.3,normal
3.23,68.69,321.55,0.65,normal
2.62,76.11,305.12,0.01,normal
2.4,76.0,228.81,0.32,normal
3.51,74.27,198.55,1.38,normal
3.27,83.71,229.98,0.49,normal
4.7,82.45,269.39,0.8,normal
4.68,84.4,155.38,1.33,normal
2.94,72.25,250.29,0.0,normal
3.59,66.55,196.01,0.75,normal
3.21,66.86,226.81,0.27,normal
3.24,78.51,246.13,0.39,normal
-1.51,78.65,316.85,0.7,abnormal
4.74,67.03,322.49,1.21,normal
3.28,76.49,226.8,0.68,normal
5.84,73.03,304.27,0.45,normal
4.54,77.07,310.48,0.68,normal
3.89,71.7,257.0,0.55,normal
5.92,75.63,226.69,1.01,normal
3.35,83.68,268.03,0.3,normal
4.91,74.1,159.71,0.42,normal
3.96,72.34,327.83,1.03,normal
3.35,70.92,313.83,0.81,normal
3.43,65.35,214.93,0.95,normal
3.43,65.73,297.74,0.37,normal
2.38,79.54,276.58,0.65,normal
5.89,78.78,198.82,1.24,normal
5.28,76.38,158.13,4.63,abnormal
4.44,79.48,312.5,0.15,normal
4.9,71.76,277.35,0.45,normal
2.74,79.94,294.32,1.11,normal
5.65,84.3,308.73,0.86,normal
4.06,82.08,670.63,1.2,abnormal
3.89,80.21,237.39,1.12,normal
3.11,78.43,270.92,1.36,normal
3.09,73.14,153.74,0.62,normal
3.07,76.98,345.18,0.48,normal
2.07,71.49,162.74,0.43,normal
5.31,76.76,276.95,0.49,normal
5.72,65.25,218.12,0.52,normal
3.85,79.85,192.13,1.05,normal
3.02,65.65,320.46,1.45,normal
4.25,71.91,191.51,1.48,normal
3.17,71.31,284.9,0.04,normal
2.67,72.03,236.31,1.49,normal
5.89,76.13,248.15,0.35,normal
-0.86,83.98,174.7,0.59,abnormal
2.44,70.79,322.98,1.15,normal
4.2,42.04,193.55,1.35,abnormal
5.08,77.61,282.85,1.03,normal
4.54,75.05,256.5,0.34,normal
5.03,70.73,334.91,0.24,normal
3.15,45.65,216.81,0.7,abnormal
5.63,72.67,280.62,1.46,normal
4.55,77.38,177.71,0.93,normal
4.28,73.18,515.98,0.91,abnormal
4.5,78.69,340.37,0.03,normal
5.16,72.79,252.27,0.29,normal
3.48,52.49,185.04,1.41,abnormal
2.53,90.65,156.18,0.87,abnormal
4.73,73.87,198.38,0.27,normal
4.57,81.07,317.58,1.31,normal
-0.61,84.25,151.38,0.05,abnormal
5.47,84.91,322.43,0.11,normal
3.04,79.32,174.2,1.16,normal
4.14,65.47,246.16,1.09,normal
3.59,81.45,303.75,0.55,normal
4.05,77.99,235.72,0.19,normal
3.05,81.5,300.72,0.17,normal
3.65,71.8,332.59,1.19,normal
2.39,77.84,164.81,1.35,normal
2.98,70.2,209.06,0.67,normal
4.8,76.36,268.89,1.14,normal
3.15,69.42,224.17,0.54,normal
5.78,68.17,276.78,0.71,normal
3.18,79.87,289.02,0.22,normal
3.54,77.74,155.6,0.32,normal
4.34,70.19,294.23,1.12,normal
3.91,53.0,344.48,0.97,abnormal
4.0,75.47,225.6,1.39,normal
5.48,74.64,246.8,0.57,normal
2.26,69.5,191.29,0.23,normal
4.92,67.39,189.39,0.75,normal
4.55,65.24,299.25,1.23,normal
5.59,79.83,222.71,0.05,normal
5.81,75.15,204.29,1.44,normal
5.49,84.41,539.18,0.85,abnormal
3.02,79.79,287.94,0.98,normal
4.76,74.12,158.05,0.91,normal
2.37,68.8,316.14,0.1,normal
3.21,69.15,670.76,1.14,abnormal
2.39,82.63,160.22,1.19,normal
3.91,73.84,245.21,0.15,normal
4.39,71.0,151.92,0.64,normal
5.55,80.55,188.96,7.03,abnormal
3.83,65.01,300.91,0.9,normal
2.71,75.15,252.84,1.43,normal
5.47,69.98,205.06,0.84,normal
3.76,84.54,339.14,0.73,normal
5.9,74.41,182.63,0.1,normal
3.22,83.51,238.64,0.96,normal
2.73,80.58,302.57,0.32,normal
3.28,75.61,170.58,0.45,normal
4.28,68.09,181.28,1.15,normal
5.41,77.2,181.43,1.44,normal
4.38,73.34,295.29,4.14,abnormal
5.74,81.69,224.16,0.46,normal
5.32,71.31,211.6,0.84,normal
2.02,83.8,161.06,0.61,normal
2.56,74.14,204.84,1.23,normal
4.65,70.12,316.51,0.04,normal
3.53,76.16,297.8,1.2,normal
3.76,70.48,164.89,0.24,normal
5.77,76.86,340.41,1.42,normal
3.56,84.19,291.3,0.37,normal
3.5,67.03,947.74,0.41,abnormal
5.69,67.22,176.86,1.12,normal
5.1,73.28,180.35,0.23,normal
2.8,66.76,199.05,0.86,normal
3.04,75.62,208.28,0.03,normal
2.27,80.72,292.28,0.47,normal
4.99,39.3,214.25,0.34,abnormal
2.8,84.43,201.81,0.91,normal
-1.64,73.22,229.26,0.73,abnormal
4.11,83.26,252.45,0.02,normal
2.13,75.08,309.66,1.19,normal
4.3,77.69,296.89,0.85,normal
11.72,80.97,319.26,0.13,abnormal
4.6,68.82,551.16,1.03,abnormal
3.86,82.79,348.87,0.23,normal
2.73,76.5,240.81,1.17,normal
5.79,82.79,230.29,0.44,normal
3.56,65.17,214.48,0.23,normal
4.7,71.53,820.43,1.0,abnormal
4.3,72.09,326.06,1.3,normal
5.09,69.12,186.32,0.04,normal
5.38,80.59,258.02,1.43,normal
3.26,69.6,191.76,0.45,normal
3.08,83.73,193.45,0.53,normal
5.6,73.79,316.83,0.56,normal
4.98,79.8,226.08,0.67,normal
2.82,72.61,312.9,0.14,normal
5.65,79.49,174.34,1.13,normal
3.96,77.1,299.94,0.48,normal
5.94,81.0,221.97,0.38,normal
3.83,65.15,310.68,0.6,normal
3.44,93.1,163.06,1.42,abnormal
2.92,79.02,280.09,1.22,normal
14.66,70.49,279.47,0.48,abnormal
3.0,76.29,175.59,0.23,normal
5.05,66.22,310.48,1.3,normal
3.49,73.3,181.5,0.26,normal
0.23,81.21,186.32,1.32,abnormal
2.65,74.95,211.21,0.94,normal
4.49,90.28,155.17,0.04,abnormal
4.94,67.89,231.53,0.81,normal
4.89,68.39,170.02,0.52,normal
3.68,66.33,343.75,0.7,normal
5.59,73.81,321.38,1.21,normal
3.9,82.99,201.37,0.48,normal
5.83,78.37,169.28,0.74,normal
2.79,69.39,590.87,1.41,abnormal
2.33,66.9,230.77,1.33,normal
2.9,68.69,281.87,0.49,normal
4.36,75.34,347.53,4.33,abnormal
3.69,96.61,265.87,1.4,abnormal
5.62,72.7,159.6,0.3,normal
2.57,65.68,308.95,0.24,normal
4.29,74.68,218.78,0.94,normal
4.31,74.04,192.97,0.93,normal
2.47,70.59,303.7,1.39,normal
5.57,70.11,311.4,0.73,normal
4.65,78.36,218.48,0.78,normal
3.46,77.85,342.95,0.19,normal
3.83,67.22,260.09,0.44,normal
3.81,95.53,337.91,1.45,abnormal
-0.81,83.82,349.71,0.29,abnormal
0.33,68.97,298.92,0.79,abnormal
4.25,75.61,159.4,0.8,normal
4.77,84.94,183.35,0.24,normal
4.54,82.18,195.25,1.4,normal
4.16,84.1,234.8,0.3,normal
5.88,73.02,227.95,0.78,normal
3.91,71.44,294.31,0.45,normal
4.83,78.36,191.75,1.1,normal
2.27,80.1,178.06,0.72,normal
5.89,84.53,345.67,0.59,normal
3.68,76.83,199.71,0.53,normal
5.8,67.81,230.29,1.09,normal
4.69,69.12,178.48,0.41,normal
4.55,75.41,254.85,1.16,normal
2.93,73.77,314.45,0.81,normal
2.61,82.6,300.85,1.08,normal
10.67,82.82,172.57,0.7,abnormal
5.5,78.83,308.89,1.14,normal
2.41,84.95,270.66,0.9,normal
5.48,78.3,317.34,1.44,normal
4.55,82.3,206.04,1.09,normal
3.01,75.16,233.93,1.25,normal
8.09,79.26,247.11,0.88,abnormal
3.74,70.32,349.46,1.24,normal
4.43,76.31,271.33,1.31,normal
2.17,67.16,317.64,0.96,normal
2.38,84.33,197.72,0.87,normal
4.42,81.31,293.66,0.06,normal
3.76,74.21,322.68,0.06,normal
5.22,79.89,236.36,1.36,normal
2.72,77.61,215.79,0.44,normal
2.11,74.13,328.19,0.54,normal
3.41,84.31,205.33,1.18,normal
4.8,77.7,303.72,0.24,normal
5.45,77.97,298.14,1.13,normal
2.69,75.0,167.77,0.53,normal
5.22,84.32,213.31,0.46,normal
12.48,71.26,249.44,0.28,abnormal
3.06,79.15,220.12,1.21,normal
0.88,71.46,172.3,0.87,abnormal
4.57,70.92,261.98,3.89,abnormal
2.3,66.87,292.33,1.37,normal
5.41,67.92,218.03,0.53,normal
3.54,81.9,297.26,1.31,normal
4.45,84.41,214.77,0.34,normal
-0.36,78.35,204.76,0.74,abnormal
-1.26,69.52,279.58,0.32,abnormal
2.97,65.42,272.44,1.26,normal
4.2,76.36,232.46,1.27,normal
4.51,82.77,345.83,1.12,normal
5.93,81.07,202.71,0.56,normal
-1.04,72.14,341.62,0.2,abnormal
2.99,75.77,175.75,7.91,abnormal
4.03,74.51,212.7,1.21,normal
4.88,79.35,278.99,0.83,normal
3.08,51.73,242.05,0.66,abnormal
2.26,84.92,154.42,0.67,normal
5.58,74.53,291.26,0.1,normal
5.82,70.52,200.4,1.34,normal
4.39,73.62,302.87,0.2,normal
4.65,71.2,289.44,0.46,normal
5.19,75.16,231.43,1.15,normal
3.26,65.14,926.72,1.07,abnormal
2.48,84.55,272.77,0.79,normal
4.93,69.98,270.31,1.14,normal
2.72,77.99,249.0,0.18,normal
5.78,76.48,339.81,0.58,normal
4.79,67.77,218.66,0.14,normal
4.83,82.58,249.94,0.28,normal
2.91,84.71,276.6,0.51,normal
4.1,65.41,271.23,1.47,normal
3.49,68.37,342.72,0.79,normal
3.54,65.55,331.03,0.85,normal
-1.43,77.42,186.36,0.33,abnormal
5.49,83.25,269.94,0.86,normal
5.38,80.44,251.47,7.07,abnormal
4.49,83.71,327.65,1.19,normal
5.74,83.7,171.55,1.02,normal
2.67,66.99,188.63,0.23,normal
3.35,74.09,281.7,1.25,normal
5.78,78.37,163.09,0.37,normal
5.84,74.82,308.81,0.06,normal
5.93,74.61,318.72,0.99,normal
4.36,81.96,168.19,0.98,normal
4.3,75.64,775.93,0.82,abnormal
3.28,73.96,189.61,1.42,normal
3.74,66.65,154.77,0.16,normal
4.44,71.12,348.46,1.16,normal
4.8,75.55,158.33,1.42,normal
4.35,83.01,258.56,0.96,normal
4.14,65.94,210.59,0.28,normal
13.77,78.68,236.76,0.76,abnormal
3.48,78.98,1137.46,0.15,abnormal
0.14,66.46,190.72,0.31,abnormal
2.06,83.44,191.21,1.03,normal
14.33,78.19,333.05,0.5,abnormal
3.56,69.57,333.52,0.6,normal
4.4,77.44,201.64,1.38,normal
4.84,83.04,211.95,1.41,normal
5.65,73.18,152.05,1.24,normal
5.37,68.79,305.85,0.38,normal
4.77,65.84,303.43,0.19,normal
2.28,67.29,181.78,1.19,normal
4.15,68.35,298.02,1.43,normal
4.78,70.7,207.29,1.28,normal
5.04,72.9,327.12,0.3,normal
5.39,69.02,253.65,0.05,normal
2.45,65.76,227.61,0.13,normal
2.27,73.72,224.18,1.11,normal
5.08,78.26,250.72,1.46,normal
4.9,65.88,152.84,0.23,normal
5.69,93.5,190.13,0.97,abnormal
2.61,70.84,162.73,0.28,normal
4.63,73.78,324.27,0.1,normal
4.11,76.14,178.67,1.45,normal
4.74,73.2,256.85,0.93,normal
5.73,72.41,178.7,0.16,normal
3.52,76.25,312.74,1.15,normal
2.9,77.57,262.73,0.11,normal
5.64,83.74,278.96,0.42,normal
3.8,79.96,286.58,0.92,normal
5.95,74.1,333.89,0.23,normal
3.44,67.89,277.42,0.26,normal
5.53,93.68,154.19,1.21,abnormal
3.84,79.21,258.3,0.34,normal
5.36,72.06,338.38,0.63,normal
4.93,73.88,227.69,0.55,normal
3.6,79.47,191.18,0.33,normal
2.78,82.47,281.87,0.93,normal
5.45,80.84,762.37,0.46,abnormal
3.88,75.86,240.46,1.36,normal
3.65,68.99,736.38,1.33,abnormal
5.75,73.64,338.64,0.04,normal
4.27,68.45,346.73,1.02,normal
4.56,76.5,310.17,0.23,normal
2.98,79.77,302.52,0.73,normal
5.05,75.61,275.62,0.05,normal
2.26,65.43,334.03,1.3,normal
2.36,83.63,221.34,1.12,normal
5.36,93.63,331.85,0.88,abnormal
3.35,38.5,210.65,1.2,abnormal
5.52,68.27,173.69,1.37,normal
4.25,77.57,289.97,0.42,normal
0.93,78.28,179.33,0.67,abnormal
2.54,72.62,225.87,0.26,normal
4.75,81.36,336.19,0.88,normal
5.58,84.41,339.32,0.85,normal
14.21,66.38,176.99,0.45,abnormal
2.6,84.86,308.19,1.0,normal
3.17,97.93,307.32,0.53,abnormal
2.06,52.82,233.55,0.25,abnormal
-0.46,84.64,330.86,0.04,abnormal
2.67,77.99,290.1,0.39,normal
2.16,97.5,301.95,0.69,abnormal
4.21,67.61,345.65,0.94,normal
2.08,72.61,330.91,0.57,normal
4.69,78.94,217.13,1.2,normal
3.63,41.84,338.58,1.08,abnormal
3.96,70.33,332.67,1.38,normal
4.66,71.37,251.76,0.17,normal
5.22,67.14,164.88,0.56,normal
5.21,80.58,322.74,0.01,normal
5.23,82.4,273.49,0.23,normal
5.49,74.22,324.68,1.18,normal
2.49,79.08,189.9,1.12,normal
2.37,84.03,150.77,1.19,normal
2.2,66.59,214.08,0.79,normal
2.79,84.76,271.09,0.28,normal
4.7,82.3,162.25,0.28,normal
2.7,68.95,178.78,0.81,normal
2.5,80.23,187.64,7.24,abnormal
2.91,72.89,317.21,0.45,normal
4.56,69.37,200.19,0.52,normal
2.03,82.81,286.71,0.42,normal
2.25,74.88,330.54,0.09,normal
3.72,78.48,329.73,0.67,normal
2.35,76.76,333.27,4.81,abnormal
4.71,66.32,202.49,1.26,normal
4.97,74.61,249.94,1.15,normal
6.0,68.81,267.45,0.06,normal
3.86,74.23,334.69,1.27,normal
5.47,44.29,180.54,1.11,abnormal
5.8,82.47,307.65,0.57,normal
-0.8,65.28,308.28,0.99,abnormal
4.37,68.68,168.97,0.59,normal
3.35,65.43,228.45,0.46,normal
3.11,68.8,924.78,0.75,abnormal
5.41,74.75,283.16,0.53,normal
5.81,79.12,271.56,0.21,normal
3.98,69.33,248.1,1.44,normal
3.35,71.21,273.7,0.92,normal
4.12,71.82,224.67,1.03,normal
4.26,74.47,153.54,0.56,normal
5.78,78.77,332.03,1.35,normal
5.61,74.52,206.11,0.51,normal
4.79,83.04,343.09,1.17,normal
5.65,79.16,271.88,1.22,normal
4.25,82.81,212.69,1.32,normal
2.59,71.43,255.85,0.69,normal
3.06,73.99,305.49,6.96,abnormal
2.57,81.96,161.8,0.37,normal
3.31,81.5,246.51,0.22,normal
3.28,84.71,270.95,0.8,normal
2.75,83.47,271.02,4.48,abnormal
5.54,75.47,250.83,0.37,normal
4.8,82.05,209.64,0.31,normal
2.12,77.88,234.28,0.55,normal
5.97,73.93,226.4,0.24,normal
3.26,83.74,241.19,0.3,normal
3.14,76.73,214.56,0.03,normal
3.31,74.54,178.35,1.25,normal
2.1,73.69,214.78,0.27,normal
5.04,77.87,214.8,1.13,normal
4.05,79.46,292.73,0.75,normal
-1.55,75.46,338.02,0.35,abnormal
5.89,71.76,232.53,1.13,normal
4.18,75.49,278.36,0.59,normal
5.29,81.29,239.7,0.17,normal
2.91,90.57,286.7,0.04,abnormal
4.79,74.57,158.44,1.14,normal
-0.5,71.46,301.19,1.01,abnormal
5.06,74.84,283.93,1.05,normal
2.16,76.79,191.77,0.87,normal
4.81,76.63,223.62,1.35,normal
2.85,75.72,333.04,1.12,normal
4.23,75.22,181.97,0.3,normal
3.34,71.54,202.07,0.18,normal
2.12,77.07,280.28,0.77,normal
2.74,65.83,310.93,1.11,normal
0.28,79.71,209.72,1.03,abnormal
4.37,71.07,242.76,0.97,normal
5.56,81.87,193.36,0.04,normal
5.32,82.21,191.27,1.42,normal
3.31,84.68,270.36,0.25,normal
4.24,70.71,347.36,1.29,normal
4.47,82.69,320.54,0.93,normal
5.72,93.03,226.28,0.85,abnormal
2.21,69.31,188.16,0.63,normal
9.96,78.07,209.49,0.05,abnormal
2.57,74.14,336.45,1.47,normal
14.44,79.89,286.37,0.05,abnormal
2.7,37.25,294.96,0.68,abnormal
4.23,70.4,290.58,5.4,abnormal
2.61,66.3,285.6,0.04,normal
5.32,73.25,344.58,0.87,normal
2.25,80.39,206.16,0.42,normal
5.21,65.49,204.39,1.31,normal
3.79,65.04,280.04,1.31,normal
4.24,49.06,308.39,1.07,abnormal
3.15,66.77,223.46,1.23,normal
3.49,83.04,295.24,0.81,normal
4.56,73.14,266.04,0.56,normal
2.59,96.73,327.89,1.01,abnormal
5.85,66.73,200.64,0.21,normal
3.87,80.07,322.36,3.82,abnormal
4.03,82.19,275.01,0.9,normal
5.33,68.19,309.75,0.21,normal
2.82,78.86,166.35,0.63,normal
4.01,65.84,170.76,0.01,normal
5.77,79.79,286.8,6.94,abnormal
3.3,81.73,224.66,1.41,normal
5.28,69.38,220.23,0.61,normal
2.43,77.81,240.73,1.25,normal
0.15,82.86,343.86,1.2,abnormal
5.66,78.9,211.31,1.13,normal
2.84,77.76,340.31,0.29,normal
3.18,69.14,315.53,1.02,normal
3.81,67.38,338.97,0.99,normal
4.39,71.86,224.98,0.46,normal
5.68,77.7,268.67,1.02,normal
3.28,35.62,290.13,1.29,abnormal
4.16,66.96,287.72,0.93,normal
5.89,74.81,155.47,0.06,normal
5.62,74.5,258.75,0.12,normal
4.86,83.45,240.94,1.12,normal
5.94,65.69,211.96,1.17,normal
-0.16,66.9,286.76,0.89,abnormal
2.11,75.13,163.82,0.27,normal
4.26,81.03,257.13,1.09,normal
2.47,75.33,184.78,0.68,normal
10.03,71.63,171.93,0.23,abnormal
-0.55,69.98,227.46,1.12,abnormal
2.71,72.53,210.46,0.34,normal
5.38,69.57,811.27,1.05,abnormal
9.15,67.64,345.76,0.91,abnormal
3.98,80.89,235.99,1.06,normal
4.54,91.06,244.73,0.42,abnormal
3.69,66.3,202.56,1.42,normal
3.61,83.39,331.32,1.31,normal
2.65,76.41,282.93,0.67,normal
4.23,94.78,344.17,0.98,abnormal
2.46,65.8,190.49,0.45,normal
3.56,72.44,252.04,0.02,normal
3.06,75.61,210.67,1.22,normal
2.97,74.61,192.71,1.0,normal
2.86,68.45,260.61,0.94,normal
9.02,67.54,251.97,1.29,abnormal
4.05,84.75,263.23,0.37,normal
5.36,72.23,195.07,0.39,normal
3.73,82.41,306.13,0.04,normal
5.72,72.82,271.29,1.3,normal
2.51,77.3,308.09,1.33,normal
5.02,68.15,269.8,0.43,normal
3.73,65.62,163.27,0.13,normal
0.32,65.8,205.48,0.42,abnormal
5.95,71.83,317.26,0.91,normal
4.05,42.72,324.23,1.03,abnormal
5.69,77.1,282.2,0.86,normal
2.36,74.79,218.48,0.78,normal
3.01,70.36,204.25,0.43,normal
3.25,83.12,331.44,0.85,normal
3.23,81.51,253.53,0.62,normal
3.7,78.18,303.66,1.34,normal
5.08,70.9,287.42,0.54,normal
3.28,80.96,266.35,0.26,normal
5.5,77.77,191.15,1.18,normal
0.66,81.19,225.0,0.59,abnormal
5.73,74.18,218.28,0.38,normal
2.5,72.53,260.14,0.59,normal
5.25,70.1,249.01,1.4,normal
5.28,75.22,234.1,0.4,normal
5.93,76.91,245.27,4.93,abnormal
2.72,72.23,310.26,0.08,normal
2.43,95.35,175.48,0.14,abnormal
3.69,65.8,282.06,0.09,normal
5.91,79.39,206.84,0.36,normal
4.41,80.03,335.57,0.53,normal
2.09,76.68,302.47,0.26,normal
2.81,47.33,340.89,0.14,abnormal
5.91,70.39,247.25,0.14,normal
-1.27,77.19,328.38,1.38,abnormal
2.01,78.42,237.04,1.29,normal
2.85,37.01,166.4,1.07,abnormal
4.96,72.69,273.01,0.57,normal
3.09,82.64,248.3,1.18,normal
3.29,74.98,273.13,1.26,normal
3.49,79.07,270.19,1.05,normal
5.15,69.14,212.84,0.61,normal
3.16,69.62,270.09,0.7,normal
5.74,69.88,289.52,0.68,normal
3.56,71.9,226.19,0.74,normal
5.64,66.79,200.99,0.34,normal
5.99,74.57,183.71,1.28,normal
4.4,81.2,319.18,1.47,normal
5.04,66.8,333.17,0.14,normal
2.2,66.59,336.4,0.68,normal
5.43,70.57,333.19,0.34,normal
4.08,69.64,168.45,0.08,normal
5.14,84.08,338.3,0.26,normal
5.77,82.9,197.25,1.21,normal
4.85,66.35,170.3,1.23,normal
2.5,74.25,302.17,1.08,normal
5.73,69.91,151.75,1.28,normal
4.05,65.41,250.9,0.09,normal
2.19,68.12,176.46,1.29,normal
5.13,74.25,818.46,1.07,abnormal
2.65,77.12,158.45,1.47,normal
3.15,75.58,247.99,1.13,normal
4.9,82.78,243.32,0.97,normal
5.15,76.55,317.53,0.61,normal
5.75,68.34,321.59,0.19,normal
2.29,84.89,318.39,0.17,normal
3.5,42.47,212.91,0.3,abnormal
3.74,77.77,179.43,1.3,normal
5.0,77.98,210.39,0.37,normal
2.91,73.78,247.36,0.7,normal
5.53,74.27,233.16,0.08,normal
5.69,70.91,160.62,5.33,abnormal
4.61,73.67,269.65,0.53,normal
3.91,83.68,323.73,0.72,normal
2.77,83.44,183.19,1.49,normal
4.84,70.39,154.94,0.33,normal
2.1,73.07,309.7,0.69,normal
3.14,66.02,253.4,0.18,normal
3.95,80.27,157.23,1.17,normal
4.27,66.35,343.63,1.4,normal
4.64,73.8,294.51,0.4,normal
5.66,66.86,226.78,0.59,normal
3.21,84.07,188.9,0.85,normal
5.3,68.03,259.41,0.38,normal
14.94,68.27,157.49,1.09,abnormal
2.88,83.3,183.12,1.01,normal
4.68,81.23,218.55,1.09,normal
3.88,84.13,265.41,0.82,normal
3.32,78.3,255.34,6.34,abnormal
4.08,70.58,915.7,1.34,abnormal
2.09,74.67,215.63,0.76,normal
4.9,73.09,340.42,0.45,normal
13.77,76.1,318.9,0.33,abnormal
5.62,53.52,289.48,0.76,abnormal
3.6,76.33,209.82,0.36,normal
5.79,78.26,304.99,1.39,normal
3.62,73.64,232.84,1.47,normal
3.48,71.16,247.3,1.5,normal
4.35,43.11,319.89,0.43,abnormal
2.66,68.18,215.43,0.57,normal
2.33,80.92,151.7,0.81,normal
2.37,84.4,311.62,0.97,normal
11.3,65.65,208.28,1.27,abnormal
5.67,79.0,283.21,0.13,normal
3.24,67.0,349.26,0.12,normal
2.0,83.45,307.91,1.35,normal
2.43,46.87,273.09,0.79,abnormal
2.55,94.62,320.48,0.24,abnormal
4.06,74.93,194.76,0.43,normal
3.35,68.26,244.53,0.68,normal
3.17,97.06,230.22,1.21,abnormal
5.94,71.19,215.32,0.36,normal
2.62,66.59,267.54,0.18,normal
3.8,67.99,164.69,1.16,normal
4.32,79.37,237.07,0.18,normal
5.77,76.04,267.53,1.41,normal
3.89,65.68,181.31,0.29,normal
2.13,82.06,200.44,0.28,normal
4.63,72.95,291.83,0.49,normal
3.31,84.33,234.47,0.47,normal
5.47,68.68,1108.42,0.25,abnormal
2.37,82.51,216.91,0.06,normal
4.05,74.91,205.57,0.3,normal
2.15,65.18,222.15,0.51,normal
3.35,67.09,304.31,1.45,normal
2.59,78.61,321.55,1.12,normal
3.56,75.57,268.1,1.39,normal
5.08,79.63,157.89,1.45,normal
3.16,84.94,241.29,0.43,normal
4.36,84.3,162.56,1.24,normal
3.85,82.69,264.38,1.38,normal
-0.65,71.01,280.41,0.06,abnormal
5.62,70.08,203.07,0.8,normal
5.81,73.98,229.4,0.65,normal
4.14,98.99,337.98,0.02,abnormal
5.18,77.8,211.24,6.0,abnormal
5.96,69.27,282.26,0.43,normal
2.94,84.79,262.15,0.49,normal
2.8,78.7,165.94,0.97,normal
8.7,83.62,296.2,0.25,abnormal
3.03,68.24,235.29,1.09,normal
5.06,70.78,349.58,1.04,normal
2.3,68.11,174.29,1.41,normal
13.45,80.89,338.87,1.45,abnormal
3.81,67.43,303.2,1.17,normal
2.49,78.36,205.66,0.12,normal
3.41,72.76,187.86,1.42,normal
5.64,77.41,343.88,1.15,normal
-1.56,68.21,313.04,0.8,abnormal
5.7,77.63,155.96,1.28,normal
3.73,81.15,305.17,0.6,normal
4.48,74.67,267.27,1.05,normal
2.91,78.14,332.58,5.47,abnormal
3.55,77.85,189.82,0.06,normal
2.01,72.11,347.53,1.4,normal
3.66,81.75,343.92,1.29,normal
5.37,76.89,262.28,0.17,normal
3.98,84.92,295.18,0.51,normal
2.13,81.7,213.41,0.47,normal
2.16,91.07,337.81,1.0,abnormal
3.03,72.59,180.61,4.7,abnormal
2.3,75.62,165.02,0.46,normal
2.09,84.63,215.55,1.07,normal
4.41,82.03,753.77,0.14,abnormal
3.34,82.77,186.52,0.32,normal
2.93,70.53,318.29,0.83,normal
5.44,81.23,259.79,0.87,normal
3.19,76.05,209.51,1.34,normal
2.16,83.38,234.03,0.99,normal
2.21,66.37,339.8,0.88,normal
3.91,74.38,222.23,0.81,normal
4.36,76.22,308.82,0.12,normal
4.59,76.38,323.34,0.95,normal
2.87,79.16,183.87,1.44,normal
2.95,73.16,976.99,1.31,abnormal
4.92,81.84,248.53,0.36,normal
4.45,72.77,315.01,0.44,normal
5.89,73.23,265.67,0.4,normal
5.56,79.14,201.0,0.91,normal
2.46,76.81,299.36,1.04,normal
5.26,76.6,343.43,0.37,normal
2.92,70.0,159.31,0.11,normal
5.86,70.53,172.52,0.0,normal
2.44,78.92,232.67,0.51,normal
2.59,77.96,174.65,0.55,normal
4.64,48.61,238.68,0.3,abnormal
2.83,72.06,323.99,1.29,normal
3.96,83.98,237.49,0.38,normal
2.63,80.63,316.74,1.12,normal
2.82,67.21,207.44,0.43,normal
5.08,74.46,302.53,0.1,normal
3.21,69.49,190.18,1.3,normal
3.08,44.61,237.63,0.2,abnormal
4.58,72.69,347.3,0.83,normal
2.58,70.35,224.17,0.38,normal
5.45,75.33,212.04,0.61,normal
5.83,67.14,329.76,0.38,normal
5.83,83.63,321.17,0.86,normal
-0.12,84.55,150.67,1.44,abnormal
4.76,76.08,263.59,0.0,normal
2.43,71.13,302.83,0.38,normal
4.34,77.58,283.97,1.44,normal
3.43,72.6,274.92,1.34,normal
5.43,72.14,301.79,0.8,normal
3.72,76.25,287.95,0.15,normal
-0.77,65.88,243.42,0.8,abnormal
2.41,84.8,259.71,1.08,normal
2.86,72.42,157.32,0.02,normal
2.48,70.61,267.73,0.67,normal
3.36,69.73,173.76,1.21,normal
4.15,77.58,302.18,0.07,normal
4.16,78.15,289.17,0.01,normal
0.39,82.75,170.02,0.76,abnormal
4.3,65.0,289.28,1.4,normal
4.23,68.29,297.78,1.47,normal
4.67,68.85,314.46,0.35,normal
2.72,81.55,189.53,0.44,normal
3.8,77.37,156.3,1.09,normal
3.47,80.13,302.22,1.25,normal
4.75,81.67,181.81,0.57,normal
2.14,68.5,318.58,0.63,normal
2.63,66.46,233.01,0.65,normal
2.66,79.27,292.74,1.33,normal
5.6,76.83,342.38,0.88,normal
3.81,81.58,268.85,0.99,normal
3.8,68.44,317.34,0.67,normal
4.43,83.52,309.66,1.25,normal
3.18,80.45,242.97,0.14,normal
5.19,67.54,160.76,1.11,normal
5.43,76.2,228.92,0.97,normal
5.27,66.06,185.96,1.31,normal
2.96,66.02,321.66,0.82,normal
4.16,66.67,255.02,0.14,normal
4.2,81.56,158.8,0.74,normal
0.41,69.41,277.25,0.78,abnormal
2.29,79.42,259.35,1.11,normal
2.66,70.53,319.45,0.04,normal
5.12,80.51,288.18,1.29,normal
2.33,68.3,298.44,0.96,normal
4.75,74.62,311.07,0.66,normal
3.49,80.75,299.69,6.02,abnormal
5.95,71.26,284.44,1.19,normal
3.16,70.84,181.85,0.82,normal
4.67,75.8,207.44,0.78,normal
2.6,81.49,207.8,0.93,normal
3.52,65.81,236.94,0.04,normal
2.01,70.23,199.12,0.52,normal
3.45,75.32,256.01,0.61,normal
2.94,67.99,203.88,0.34,normal
4.65,72.32,314.32,1.18,normal
2.17,79.29,275.0,0.08,normal
3.64,82.12,261.65,0.93,normal
2.07,77.49,277.25,1.41,normal
-1.62,66.21,310.4,1.39,abnormal
5.34,91.24,261.16,0.79,abnormal
4.5,70.17,321.39,0.27,normal
5.52,39.98,188.77,1.08,abnormal
4.59,72.99,198.45,1.01,normal
3.6,78.56,295.2,0.78,normal
4.67,71.15,209.52,0.03,normal
2.52,79.44,319.01,5.15,abnormal
5.84,70.04,242.39,0.06,normal
5.78,77.63,181.33,1.42,normal
3.16,82.47,187.32,1.18,normal
3.48,75.87,187.39,0.29,normal
2.09,66.69,225.45,5.06,abnormal
3.16,76.51,312.94,0.76,normal
0.19,72.37,261.22,0.75,abnormal
5.93,71.63,344.5,0.7,normal
12.72,71.8,207.94,0.96,abnormal
2.96,99.16,191.79,1.15,abnormal
5.31,70.15,213.01,1.06,normal
2.89,67.83,170.44,0.14,normal
4.1,79.43,307.47,0.82,normal
2.79,76.87,276.17,0.3,normal
3.62,71.46,195.14,1.32,normal
2.31,66.68,300.01,6.81,abnormal
5.85,84.83,169.06,1.44,normal
4.88,75.49,505.87,1.37,abnormal
2.11,81.21,267.22,0.5,normal
4.2,81.75,254.77,0.02,normal
3.34,77.74,249.47,1.09,normal
2.48,79.5,790.86,0.0,abnormal
2.85,72.36,308.42,0.2,normal
3.24,66.42,174.63,0.79,normal
3.15,75.78,195.17,0.6,normal
5.35,76.73,301.3,0.61,normal
4.89,83.83,271.31,0.76,normal
3.81,71.7,233.65,0.14,normal
4.98,79.61,176.01,5.68,abnormal
13.81,77.61,305.6,0.51,abnormal
3.58,73.71,308.15,0.07,normal
2.47,67.58,306.06,0.03,normal
2.77,84.81,254.05,0.3,normal
5.54,66.77,324.25,0.04,normal
3.82,71.41,299.03,0.15,normal
2.87,82.95,221.16,1.23,normal
2.73,76.44,247.08,1.27,normal
4.25,83.05,274.24,1.48,normal
5.0,90.4,198.42,1.34,abnormal
4.11,73.95,188.81,0.45,normal
4.67,76.01,328.74,0.2,normal
2.93,72.49,294.77,0.08,normal
3.81,78.88,271.14,0.07,normal
4.26,79.15,310.66,0.43,normal
2.06,84.91,348.38,0.87,normal
5.02,79.12,274.76,0.94,normal
4.29,72.52,306.1,0.44,normal
4.42,77.01,295.95,1.02,normal
2.36,45.44,179.04,1.18,abnormal
4.55,76.38,179.39,0.85,normal
5.09,82.75,263.9,1.19,normal
0.67,67.17,317.84,1.21,abnormal
5.12,80.53,235.97,0.85,normal
10.85,78.99,348.0,0.71,abnormal
2.47,80.28,344.47,0.05,normal
5.0,71.19,338.61,1.09,normal
2.88,78.4,270.48,0.54,normal
5.8,67.77,329.41,1.14,normal
5.31,98.97,342.0,1.33,abnormal
2.57,78.9,272.0,0.51,normal
5.4,67.94,268.1,0.54,normal
3.74,70.32,306.72,0.57,normal
3.63,66.46,315.84,0.02,normal
3.7,78.44,287.13,0.22,normal
4.11,76.43,346.09,1.13,normal
2.77,70.34,258.29,0.36,normal
3.24,75.18,275.21,0.06,normal
5.84,74.57,194.75,0.01,normal
4.4,53.15,227.86,1.5,abnormal
5.92,72.74,190.41,0.12,normal
4.45,81.47,314.66,0.04,normal
4.11,47.24,205.85,0.44,abnormal
5.43,71.43,240.63,1.16,normal
2.78,76.65,810.32,0.62,abnormal
4.92,69.41,205.96,0.03,normal
3.77,70.63,182.46,1.07,normal
2.56,73.06,322.6,1.01,normal
3.38,76.11,168.41,1.31,normal
5.3,83.46,334.62,1.47,normal
5.73,66.34,305.55,0.03,normal
4.13,66.34,189.05,4.01,abnormal
5.75,84.08,212.84,1.07,normal
3.38,84.22,171.74,0.82,normal
2.04,81.99,329.82,0.25,normal
4.41,65.01,172.52,1.13,normal
4.05,78.39,176.47,0.74,normal
3.38,67.43,193.65,0.11,normal
3.19,70.29,159.84,1.44,normal
2.19,98.64,208.8,0.06,abnormal
3.72,70.7,160.58,0.68,normal
5.33,72.97,256.84,1.39,normal
5.16,78.35,184.06,3.93,abnormal
2.65,66.85,248.32,1.23,normal
2.73,77.57,202.22,1.4,normal
4.29,71.8,315.95,1.18,normal
3.75,80.16,323.32,0.35,normal
0.63,81.96,185.44,1.02,abnormal
2.12,69.58,300.05,1.44,normal
5.14,76.77,293.84,0.64,normal
5.98,74.07,290.02,0.6,normal
0.7,75.37,311.52,1.29,abnormal
5.06,72.52,178.73,0.99,normal
2.9,71.99,284.78,0.13,normal
5.49,72.32,305.46,0.81,normal
2.42,70.3,263.89,1.1,normal
5.08,68.48,346.34,0.21,normal
5.88,80.1,340.98,0.84,normal
4.73,69.7,274.69,0.81,normal
5.47,84.06,175.37,1.38,normal
14.66,78.84,195.96,1.26,abnormal
4.88,79.34,200.15,1.45,normal
3.19,77.11,319.23,0.91,normal
2.26,66.68,219.36,0.94,normal
5.85,80.02,157.16,0.98,normal
5.69,69.71,258.79,0.67,normal
4.16,84.44,187.35,1.4,normal
3.52,66.56,272.8,1.08,normal
3.85,77.21,248.49,0.81,normal
5.66,75.12,1002.98,0.23,abnormal
4.06,91.96,348.84,0.06,abnormal
3.27,75.49,229.72,0.28,normal
2.95,66.04,203.87,0.04,normal
